Date,Index
02/01/2008,6416.7
03/01/2008,6479.4
04/01/2008,6348.5
07/01/2008,6335.7
08/01/2008,6356.5
09/01/2008,6272.7
10/01/2008,6222.7
11/01/2008,6202.0
14/01/2008,6215.7
15/01/2008,6025.6
16/01/2008,5942.9
17/01/2008,5902.4
18/01/2008,5901.7
21/01/2008,5578.2
22/01/2008,5740.1
23/01/2008,5609.3
24/01/2008,5875.8
25/01/2008,5869.0
28/01/2008,5788.9
29/01/2008,5885.2
30/01/2008,5837.3
31/01/2008,5879.8
01/02/2008,6029.2
04/02/2008,6026.2
05/02/2008,5868.0
06/02/2008,5875.4
07/02/2008,5724.1
08/02/2008,5784.0
11/02/2008,5707.7
12/02/2008,5910.0
13/02/2008,5880.1
14/02/2008,5879.3
15/02/2008,5787.6
19/02/2008,5966.9
20/02/2008,5893.6
21/02/2008,5932.2
22/02/2008,5888.5
25/02/2008,5999.5
26/02/2008,6087.4
27/02/2008,6076.5
28/02/2008,5965.7
29/02/2008,5884.3
03/03/2008,5818.6
04/03/2008,5767.7
05/03/2008,5853.5
06/03/2008,5766.4
07/03/2008,5699.9
10/03/2008,5629.1
11/03/2008,5690.4
12/03/2008,5776.4
13/03/2008,5692.4
14/03/2008,5631.7
17/03/2008,5414.4
18/03/2008,5605.8
19/03/2008,5545.6
20/03/2008,5495.2
25/03/2008,5689.1
26/03/2008,5660.4
27/03/2008,5717.5
28/03/2008,5692.9
31/03/2008,5702.1
01/04/2008,5852.6
02/04/2008,5915.9
03/04/2008,5891.3
04/04/2008,5947.1
07/04/2008,6014.8
08/04/2008,5990.2
09/04/2008,5983.9
10/04/2008,5965.1
11/04/2008,5895.5
14/04/2008,5831.6
15/04/2008,5906.9
16/04/2008,6046.2
17/04/2008,5980.4
18/04/2008,6056.5
21/04/2008,6053.0
22/04/2008,6034.7
23/04/2008,6083.6
24/04/2008,6050.7
25/04/2008,6091.4
28/04/2008,6090.4
29/04/2008,6089.4
30/04/2008,6087.3
01/05/2008,6087.3
02/05/2008,6215.5
06/05/2008,6215.2
07/05/2008,6261.0
08/05/2008,6270.8
09/05/2008,6204.7
12/05/2008,6220.6
13/05/2008,6211.9
14/05/2008,6216.0
15/05/2008,6251.8
16/05/2008,6304.3
19/05/2008,6376.5
20/05/2008,6191.6
21/05/2008,6198.1
22/05/2008,6181.6
23/05/2008,6087.3
27/05/2008,6058.5
28/05/2008,6069.6
29/05/2008,6068.1
30/05/2008,6053.5
02/06/2008,6007.6
03/06/2008,6057.7
04/06/2008,5970.1
05/06/2008,5995.3
06/06/2008,5906.8
09/06/2008,5877.6
10/06/2008,5827.3
11/06/2008,5723.3
12/06/2008,5790.5
13/06/2008,5802.8
16/06/2008,5794.6
17/06/2008,5861.9
18/06/2008,5756.9
19/06/2008,5708.4
20/06/2008,5620.8
23/06/2008,5667.2
24/06/2008,5634.7
25/06/2008,5666.1
26/06/2008,5518.2
27/06/2008,5529.9
30/06/2008,5625.9
01/07/2008,5479.9
02/07/2008,5426.3
03/07/2008,5476.6
04/07/2008,5412.8
07/07/2008,5512.7
08/07/2008,5440.5
09/07/2008,5529.6
10/07/2008,5406.8
11/07/2008,5261.6
14/07/2008,5300.4
15/07/2008,5171.9
16/07/2008,5150.6
17/07/2008,5286.3
18/07/2008,5376.4
21/07/2008,5404.3
22/07/2008,5364.1
23/07/2008,5449.9
24/07/2008,5362.3
25/07/2008,5352.6
28/07/2008,5312.6
29/07/2008,5319.2
30/07/2008,5420.7
31/07/2008,5411.9
01/08/2008,5354.7
04/08/2008,5320.2
05/08/2008,5454.5
06/08/2008,5486.1
07/08/2008,5477.5
08/08/2008,5489.2
11/08/2008,5541.8
12/08/2008,5534.5
13/08/2008,5448.6
14/08/2008,5497.4
15/08/2008,5454.8
18/08/2008,5450.2
19/08/2008,5320.4
20/08/2008,5371.8
21/08/2008,5370.2
22/08/2008,5505.6
26/08/2008,5470.7
27/08/2008,5528.1
28/08/2008,5601.2
29/08/2008,5636.6
01/09/2008,5602.8
02/09/2008,5620.7
03/09/2008,5499.7
04/09/2008,5362.1
05/09/2008,5240.7
08/09/2008,5446.3
09/09/2008,5415.6
10/09/2008,5366.2
11/09/2008,5318.4
12/09/2008,5416.7
15/09/2008,5204.2
16/09/2008,5025.6
17/09/2008,4912.4
18/09/2008,4880.0
19/09/2008,5311.3
22/09/2008,5236.3
23/09/2008,5136.1
24/09/2008,5095.6
25/09/2008,5197.0
26/09/2008,5088.5
29/09/2008,4818.8
30/09/2008,4902.5
01/10/2008,4959.6
02/10/2008,4870.3
03/10/2008,4980.3
06/10/2008,4589.2
07/10/2008,4605.2
08/10/2008,4366.7
09/10/2008,4313.8
10/10/2008,3932.1
13/10/2008,4256.9
14/10/2008,4394.2
15/10/2008,4079.6
16/10/2008,3861.4
17/10/2008,4063.0
20/10/2008,4282.7
21/10/2008,4229.7
22/10/2008,4040.9
23/10/2008,4087.8
24/10/2008,3883.4
27/10/2008,3852.6
28/10/2008,3926.4
29/10/2008,4242.5
30/10/2008,4291.6
31/10/2008,4377.3
03/11/2008,4443.3
04/11/2008,4639.5
05/11/2008,4530.7
06/11/2008,4272.4
07/11/2008,4365.0
10/11/2008,4403.9
11/11/2008,4246.7
12/11/2008,4182.0
13/11/2008,4169.2
14/11/2008,4233.0
17/11/2008,4132.2
18/11/2008,4208.5
19/11/2008,4005.7
20/11/2008,3875.0
21/11/2008,3781.0
24/11/2008,4153.0
25/11/2008,4171.3
26/11/2008,4152.7
27/11/2008,4226.1
28/11/2008,4288.0
01/12/2008,4065.5
02/12/2008,4122.9
03/12/2008,4170.0
04/12/2008,4163.6
05/12/2008,4049.4
08/12/2008,4300.1
09/12/2008,4381.3
10/12/2008,4367.3
11/12/2008,4388.7
12/12/2008,4280.4
15/12/2008,4277.6
16/12/2008,4309.1
17/12/2008,4324.2
18/12/2008,4330.7
19/12/2008,4286.9
22/12/2008,4249.2
23/12/2008,4256.0
24/12/2008,4216.6
29/12/2008,4319.4
30/12/2008,4392.7
31/12/2008,4434.2
02/01/2009,4561.8
05/01/2009,4579.6
06/01/2009,4638.9
07/01/2009,4507.5
08/01/2009,4505.4
09/01/2009,4448.5
12/01/2009,4426.2
13/01/2009,4399.1
14/01/2009,4180.6
15/01/2009,4121.1
16/01/2009,4147.1
19/01/2009,4108.5
20/01/2009,4091.4
21/01/2009,4059.9
22/01/2009,4052.2
23/01/2009,4052.5
26/01/2009,4209.0
27/01/2009,4194.4
28/01/2009,4295.2
29/01/2009,4190.1
30/01/2009,4149.6
02/02/2009,4077.8
03/02/2009,4164.5
04/02/2009,4228.6
05/02/2009,4228.9
06/02/2009,4291.9
09/02/2009,4307.6
10/02/2009,4213.1
11/02/2009,4234.3
12/02/2009,4202.2
13/02/2009,4189.6
16/02/2009,4134.8
17/02/2009,4034.1
18/02/2009,4006.8
19/02/2009,4018.4
20/02/2009,3889.1
23/02/2009,3850.7
24/02/2009,3816.4
25/02/2009,3849.0
26/02/2009,3915.6
27/02/2009,3830.1
02/03/2009,3625.8
03/03/2009,3512.1
04/03/2009,3645.9
05/03/2009,3529.9
06/03/2009,3530.7
09/03/2009,3542.4
10/03/2009,3715.2
11/03/2009,3693.8
12/03/2009,3712.1
13/03/2009,3753.7
16/03/2009,3864.0
17/03/2009,3857.1
18/03/2009,3805.0
19/03/2009,3816.9
20/03/2009,3842.9
23/03/2009,3952.8
24/03/2009,3911.5
25/03/2009,3900.3
26/03/2009,3925.2
27/03/2009,3898.9
30/03/2009,3762.9
31/03/2009,3926.1
01/04/2009,3955.6
02/04/2009,4125.0
03/04/2009,4029.7
06/04/2009,3993.5
07/04/2009,3930.5
08/04/2009,3925.5
09/04/2009,3983.7
14/04/2009,3989.0
15/04/2009,3968.4
16/04/2009,4053.0
17/04/2009,4092.8
20/04/2009,3990.9
21/04/2009,3987.5
22/04/2009,4030.7
23/04/2009,4018.2
24/04/2009,4156.0
27/04/2009,4167.0
28/04/2009,4096.4
29/04/2009,4189.6
30/04/2009,4243.7
01/05/2009,4243.2
05/05/2009,4336.9
06/05/2009,4396.5
07/05/2009,4398.7
08/05/2009,4462.1
11/05/2009,4435.5
12/05/2009,4425.5
13/05/2009,4331.4
14/05/2009,4362.6
15/05/2009,4348.1
18/05/2009,4446.5
19/05/2009,4482.3
20/05/2009,4468.4
21/05/2009,4345.5
22/05/2009,4365.3
26/05/2009,4411.7
27/05/2009,4416.2
28/05/2009,4387.5
29/05/2009,4417.9
01/06/2009,4506.2
02/06/2009,4477.0
03/06/2009,4383.4
04/06/2009,4386.9
05/06/2009,4438.6
08/06/2009,4405.2
09/06/2009,4404.8
10/06/2009,4436.8
11/06/2009,4461.9
12/06/2009,4442.0
15/06/2009,4326.0
16/06/2009,4328.6
17/06/2009,4278.5
18/06/2009,4280.9
19/06/2009,4345.9
22/06/2009,4234.0
23/06/2009,4230.0
24/06/2009,4280.0
25/06/2009,4252.6
26/06/2009,4241.0
29/06/2009,4294.0
30/06/2009,4249.2
01/07/2009,4340.7
02/07/2009,4234.3
03/07/2009,4236.3
06/07/2009,4194.9
07/07/2009,4187.0
08/07/2009,4140.2
09/07/2009,4158.7
10/07/2009,4127.2
13/07/2009,4202.1
14/07/2009,4237.7
15/07/2009,4346.5
16/07/2009,4361.8
17/07/2009,4388.8
20/07/2009,4443.6
21/07/2009,4481.2
22/07/2009,4493.7
23/07/2009,4559.8
24/07/2009,4576.6
27/07/2009,4586.1
28/07/2009,4528.8
29/07/2009,4547.5
30/07/2009,4631.6
31/07/2009,4608.4
03/08/2009,4682.5
04/08/2009,4671.4
05/08/2009,4647.1
06/08/2009,4690.5
07/08/2009,4731.6
10/08/2009,4722.2
11/08/2009,4671.3
12/08/2009,4716.8
13/08/2009,4755.5
14/08/2009,4714.0
17/08/2009,4645.0
18/08/2009,4685.8
19/08/2009,4689.7
20/08/2009,4756.6
21/08/2009,4850.9
24/08/2009,4896.2
25/08/2009,4916.8
26/08/2009,4890.6
27/08/2009,4869.4
28/08/2009,4908.9
01/09/2009,4819.7
02/09/2009,4817.5
03/09/2009,4796.8
04/09/2009,4851.7
07/09/2009,4933.2
08/09/2009,4947.3
09/09/2009,5004.3
10/09/2009,4987.7
11/09/2009,5011.5
14/09/2009,5018.9
15/09/2009,5042.1
16/09/2009,5124.1
17/09/2009,5164.0
18/09/2009,5172.9
21/09/2009,5134.4
22/09/2009,5142.6
23/09/2009,5139.4
24/09/2009,5079.3
25/09/2009,5082.2
28/09/2009,5165.7
29/09/2009,5159.7
30/09/2009,5133.9
01/10/2009,5047.8
02/10/2009,4988.7
05/10/2009,5024.3
06/10/2009,5138.0
07/10/2009,5108.9
08/10/2009,5154.6
09/10/2009,5161.9
12/10/2009,5210.2
13/10/2009,5154.1
14/10/2009,5256.1
15/10/2009,5223.0
16/10/2009,5190.2
19/10/2009,5281.5
20/10/2009,5243.4
21/10/2009,5257.9
22/10/2009,5207.4
23/10/2009,5242.6
26/10/2009,5191.7
27/10/2009,5201.0
28/10/2009,5080.4
29/10/2009,5137.7
30/10/2009,5044.5
02/11/2009,5104.5
03/11/2009,5037.2
04/11/2009,5107.9
05/11/2009,5125.6
06/11/2009,5142.7
09/11/2009,5235.2
10/11/2009,5230.5
11/11/2009,5266.8
12/11/2009,5276.5
13/11/2009,5296.4
16/11/2009,5382.7
17/11/2009,5345.9
18/11/2009,5342.1
19/11/2009,5267.7
20/11/2009,5251.4
23/11/2009,5355.5
24/11/2009,5324.0
25/11/2009,5364.8
26/11/2009,5194.1
27/11/2009,5245.7
30/11/2009,5190.7
01/12/2009,5312.2
02/12/2009,5327.4
03/12/2009,5313.0
04/12/2009,5322.4
07/12/2009,5310.7
08/12/2009,5223.1
09/12/2009,5203.9
10/12/2009,5244.4
11/12/2009,5261.6
14/12/2009,5315.3
15/12/2009,5285.8
16/12/2009,5320.3
17/12/2009,5217.6
18/12/2009,5196.8
21/12/2009,5294.0
22/12/2009,5328.7
23/12/2009,5372.4
24/12/2009,5402.4
29/12/2009,5437.6
30/12/2009,5397.9
31/12/2009,5412.9
04/01/2010,5500.3
05/01/2010,5522.5
06/01/2010,5530.0
07/01/2010,5526.7
08/01/2010,5534.2
11/01/2010,5538.1
12/01/2010,5498.7
13/01/2010,5473.5
14/01/2010,5498.2
15/01/2010,5455.4
18/01/2010,5494.4
19/01/2010,5513.1
20/01/2010,5420.8
21/01/2010,5335.1
22/01/2010,5303.0
25/01/2010,5260.3
26/01/2010,5276.9
27/01/2010,5217.5
28/01/2010,5145.7
29/01/2010,5188.5
01/02/2010,5247.4
02/02/2010,5283.3
03/02/2010,5253.1
04/02/2010,5139.3
05/02/2010,5060.9
08/02/2010,5092.3
09/02/2010,5111.8
10/02/2010,5132.0
11/02/2010,5161.5
12/02/2010,5142.5
15/02/2010,5167.5
16/02/2010,5244.1
17/02/2010,5276.6
18/02/2010,5325.1
19/02/2010,5358.2
22/02/2010,5352.1
23/02/2010,5315.1
24/02/2010,5342.9
25/02/2010,5278.2
26/02/2010,5354.5
01/03/2010,5405.9
02/03/2010,5484.1
03/03/2010,5533.2
04/03/2010,5527.2
05/03/2010,5599.8
08/03/2010,5606.7
09/03/2010,5602.3
10/03/2010,5640.6
11/03/2010,5617.3
12/03/2010,5625.6
15/03/2010,5593.9
16/03/2010,5620.4
17/03/2010,5644.6
18/03/2010,5642.6
19/03/2010,5650.1
22/03/2010,5644.5
23/03/2010,5673.6
24/03/2010,5677.9
25/03/2010,5727.6
26/03/2010,5703.0
29/03/2010,5710.7
30/03/2010,5672.3
31/03/2010,5679.6
01/04/2010,5744.9
06/04/2010,5780.4
07/04/2010,5762.1
08/04/2010,5712.7
09/04/2010,5771.0
12/04/2010,5777.6
13/04/2010,5761.7
14/04/2010,5796.3
15/04/2010,5825.0
16/04/2010,5744.0
19/04/2010,5727.9
20/04/2010,5783.7
21/04/2010,5723.4
22/04/2010,5665.3
23/04/2010,5723.6
26/04/2010,5753.9
27/04/2010,5603.5
28/04/2010,5586.6
29/04/2010,5617.8
30/04/2010,5553.3
04/05/2010,5411.1
05/05/2010,5341.9
06/05/2010,5261.0
07/05/2010,5123.0
10/05/2010,5387.4
11/05/2010,5334.2
12/05/2010,5383.5
13/05/2010,5433.7
14/05/2010,5262.9
17/05/2010,5262.5
18/05/2010,5307.3
19/05/2010,5158.1
20/05/2010,5073.1
21/05/2010,5062.9
24/05/2010,5069.6
25/05/2010,4940.7
26/05/2010,5038.1
27/05/2010,5195.2
28/05/2010,5188.4
01/06/2010,5163.3
02/06/2010,5151.3
03/06/2010,5211.2
04/06/2010,5126.0
07/06/2010,5069.1
08/06/2010,5028.1
09/06/2010,5085.9
10/06/2010,5132.5
11/06/2010,5163.7
14/06/2010,5202.1
15/06/2010,5217.8
16/06/2010,5237.9
17/06/2010,5253.9
18/06/2010,5250.8
21/06/2010,5299.1
22/06/2010,5247.0
23/06/2010,5178.5
24/06/2010,5100.2
25/06/2010,5046.5
28/06/2010,5071.7
29/06/2010,4914.2
30/06/2010,4916.9
01/07/2010,4805.8
02/07/2010,4838.1
05/07/2010,4823.5
06/07/2010,4965.0
07/07/2010,5014.8
08/07/2010,5105.5
09/07/2010,5132.9
12/07/2010,5167.0
13/07/2010,5271.0
14/07/2010,5253.5
15/07/2010,5211.3
16/07/2010,5158.9
19/07/2010,5148.3
20/07/2010,5139.5
21/07/2010,5214.6
22/07/2010,5313.8
23/07/2010,5312.6
26/07/2010,5351.1
27/07/2010,5365.7
28/07/2010,5319.7
29/07/2010,5314.0
30/07/2010,5258.0
02/08/2010,5397.1
03/08/2010,5396.5
04/08/2010,5386.2
05/08/2010,5365.8
06/08/2010,5332.4
09/08/2010,5410.5
10/08/2010,5376.4
11/08/2010,5245.2
12/08/2010,5266.1
13/08/2010,5275.4
16/08/2010,5276.1
17/08/2010,5350.5
18/08/2010,5302.9
19/08/2010,5211.3
20/08/2010,5195.3
23/08/2010,5234.8
24/08/2010,5156.0
25/08/2010,5109.4
26/08/2010,5155.8
27/08/2010,5201.6
31/08/2010,5225.2
01/09/2010,5366.4
02/09/2010,5371.0
03/09/2010,5428.1
06/09/2010,5439.2
07/09/2010,5407.8
08/09/2010,5429.7
09/09/2010,5494.2
10/09/2010,5501.6
13/09/2010,5565.5
14/09/2010,5567.4
15/09/2010,5555.6
16/09/2010,5540.1
17/09/2010,5508.5
20/09/2010,5602.5
21/09/2010,5576.2
22/09/2010,5551.9
23/09/2010,5547.1
24/09/2010,5598.5
27/09/2010,5573.4
28/09/2010,5578.4
29/09/2010,5569.3
30/09/2010,5548.6
01/10/2010,5592.9
04/10/2010,5556.0
05/10/2010,5635.8
06/10/2010,5681.4
07/10/2010,5662.1
08/10/2010,5657.6
11/10/2010,5672.4
12/10/2010,5661.6
13/10/2010,5747.4
14/10/2010,5727.2
15/10/2010,5703.4
18/10/2010,5742.5
19/10/2010,5703.9
20/10/2010,5728.9
21/10/2010,5757.9
22/10/2010,5741.4
25/10/2010,5752.0
26/10/2010,5707.3
27/10/2010,5646.0
28/10/2010,5677.9
29/10/2010,5675.2
01/11/2010,5694.6
02/11/2010,5757.4
03/11/2010,5749.0
04/11/2010,5862.8
05/11/2010,5875.4
08/11/2010,5850.0
09/11/2010,5875.2
10/11/2010,5816.9
11/11/2010,5815.2
12/11/2010,5796.9
15/11/2010,5820.4
16/11/2010,5681.9
17/11/2010,5692.6
18/11/2010,5768.7
19/11/2010,5732.8
22/11/2010,5680.8
23/11/2010,5581.3
24/11/2010,5657.1
25/11/2010,5698.9
26/11/2010,5668.7
29/11/2010,5551.0
30/11/2010,5528.3
01/12/2010,5642.5
02/12/2010,5767.6
03/12/2010,5745.3
06/12/2010,5770.3
07/12/2010,5808.5
08/12/2010,5794.5
09/12/2010,5808.0
10/12/2010,5813.0
13/12/2010,5860.8
14/12/2010,5891.2
15/12/2010,5882.2
16/12/2010,5881.1
17/12/2010,5871.8
20/12/2010,5891.6
21/12/2010,5951.8
22/12/2010,5983.5
23/12/2010,5996.1
24/12/2010,6008.9
29/12/2010,5996.4
30/12/2010,5971.0
31/12/2010,5899.9
04/01/2011,6013.9
05/01/2011,6043.9
06/01/2011,6019.5
07/01/2011,5984.3
10/01/2011,5956.3
11/01/2011,6014.0
12/01/2011,6050.7
13/01/2011,6023.9
14/01/2011,6002.1
17/01/2011,5985.7
18/01/2011,6056.4
19/01/2011,5976.7
20/01/2011,5867.9
21/01/2011,5896.3
24/01/2011,5943.9
25/01/2011,5917.7
26/01/2011,5969.2
27/01/2011,5965.1
28/01/2011,5881.4
31/01/2011,5862.9
01/02/2011,5957.8
02/02/2011,6000.1
03/02/2011,5983.3
04/02/2011,5997.4
07/02/2011,6051.0
08/02/2011,6091.3
09/02/2011,6052.3
10/02/2011,6020.0
11/02/2011,6062.9
14/02/2011,6060.1
15/02/2011,6037.1
16/02/2011,6085.3
17/02/2011,6087.4
18/02/2011,6083.0
21/02/2011,6014.8
22/02/2011,5996.8
23/02/2011,5923.5
24/02/2011,5920.0
25/02/2011,6001.2
28/02/2011,5994.0
01/03/2011,5935.8
02/03/2011,5914.9
03/03/2011,6005.1
04/03/2011,5990.4
07/03/2011,5973.8
08/03/2011,5974.8
09/03/2011,5937.3
10/03/2011,5845.3
11/03/2011,5828.7
14/03/2011,5775.2
15/03/2011,5695.3
16/03/2011,5598.2
17/03/2011,5696.1
18/03/2011,5718.1
21/03/2011,5786.1
22/03/2011,5762.7
23/03/2011,5795.9
24/03/2011,5880.9
25/03/2011,5900.8
28/03/2011,5904.5
29/03/2011,5932.2
30/03/2011,5948.3
31/03/2011,5908.8
01/04/2011,6009.9
04/04/2011,6017.0
05/04/2011,6007.1
06/04/2011,6041.1
07/04/2011,6007.4
08/04/2011,6055.8
11/04/2011,6053.4
12/04/2011,5964.5
13/04/2011,6010.4
14/04/2011,5963.8
15/04/2011,5996.0
18/04/2011,5870.1
19/04/2011,5896.9
20/04/2011,6022.3
21/04/2011,6018.3
26/04/2011,6069.4
27/04/2011,6068.2
28/04/2011,6069.9
03/05/2011,6082.9
04/05/2011,5984.1
05/05/2011,5920.0
06/05/2011,5976.8
09/05/2011,5942.7
10/05/2011,6018.9
11/05/2011,5976.0
12/05/2011,5945.0
13/05/2011,5925.9
16/05/2011,5923.7
17/05/2011,5861.0
18/05/2011,5923.5
19/05/2011,5956.0
20/05/2011,5948.5
23/05/2011,5835.9
24/05/2011,5858.4
25/05/2011,5870.1
26/05/2011,5881.0
27/05/2011,5938.9
31/05/2011,5990.0
01/06/2011,5928.6
02/06/2011,5847.9
03/06/2011,5855.0
06/06/2011,5863.2
07/06/2011,5864.6
08/06/2011,5808.9
09/06/2011,5856.3
10/06/2011,5765.8
13/06/2011,5773.5
14/06/2011,5803.1
15/06/2011,5742.5
16/06/2011,5698.8
17/06/2011,5714.9
20/06/2011,5693.4
21/06/2011,5775.3
22/06/2011,5773.0
23/06/2011,5674.4
24/06/2011,5697.7
27/06/2011,5722.3
28/06/2011,5766.9
29/06/2011,5856.0
30/06/2011,5945.7
01/07/2011,5989.8
04/07/2011,6017.5
05/07/2011,6024.0
06/07/2011,6002.9
07/07/2011,6054.5
08/07/2011,5990.6
11/07/2011,5929.2
12/07/2011,5869.0
13/07/2011,5906.4
14/07/2011,5847.0
15/07/2011,5843.7
18/07/2011,5752.8
19/07/2011,5790.0
20/07/2011,5853.8
21/07/2011,5899.9
22/07/2011,5935.0
25/07/2011,5925.3
26/07/2011,5929.7
27/07/2011,5856.6
28/07/2011,5873.2
29/07/2011,5815.2
01/08/2011,5774.4
02/08/2011,5718.4
03/08/2011,5584.5
04/08/2011,5393.1
05/08/2011,5247.0
08/08/2011,5069.0
09/08/2011,5164.9
10/08/2011,5007.2
11/08/2011,5162.8
12/08/2011,5320.0
15/08/2011,5350.6
16/08/2011,5357.6
17/08/2011,5331.6
18/08/2011,5092.2
19/08/2011,5040.8
22/08/2011,5095.3
23/08/2011,5129.4
24/08/2011,5205.9
25/08/2011,5131.1
26/08/2011,5129.9
30/08/2011,5268.7
31/08/2011,5394.5
01/09/2011,5418.6
02/09/2011,5292.0
05/09/2011,5102.6
06/09/2011,5156.8
07/09/2011,5318.6
08/09/2011,5340.4
09/09/2011,5214.6
12/09/2011,5129.6
13/09/2011,5174.3
14/09/2011,5227.0
15/09/2011,5337.5
16/09/2011,5368.4
19/09/2011,5259.6
20/09/2011,5363.7
21/09/2011,5288.4
22/09/2011,5041.6
23/09/2011,5066.8
26/09/2011,5089.4
27/09/2011,5294.0
28/09/2011,5217.6
29/09/2011,5196.8
30/09/2011,5128.5
03/10/2011,5075.5
04/10/2011,4944.4
05/10/2011,5102.2
06/10/2011,5291.3
07/10/2011,5303.4
10/10/2011,5399.0
11/10/2011,5395.7
12/10/2011,5441.8
13/10/2011,5403.4
14/10/2011,5466.4
17/10/2011,5436.7
18/10/2011,5410.4
19/10/2011,5450.5
20/10/2011,5384.7
21/10/2011,5488.6
24/10/2011,5548.1
25/10/2011,5525.5
26/10/2011,5553.2
27/10/2011,5713.8
28/10/2011,5702.2
31/10/2011,5544.2
01/11/2011,5421.6
02/11/2011,5484.1
03/11/2011,5545.6
04/11/2011,5527.2
07/11/2011,5510.8
08/11/2011,5567.3
09/11/2011,5460.4
10/11/2011,5444.8
11/11/2011,5545.4
14/11/2011,5519.0
15/11/2011,5517.4
16/11/2011,5509.0
17/11/2011,5423.1
18/11/2011,5362.9
21/11/2011,5222.6
22/11/2011,5206.8
23/11/2011,5139.8
24/11/2011,5127.6
25/11/2011,5164.6
28/11/2011,5312.8
29/11/2011,5337.0
30/11/2011,5505.4
01/12/2011,5489.3
02/12/2011,5552.3
05/12/2011,5568.0
06/12/2011,5568.7
07/12/2011,5546.9
08/12/2011,5483.8
09/12/2011,5529.2
12/12/2011,5427.9
13/12/2011,5490.1
14/12/2011,5366.8
15/12/2011,5400.9
16/12/2011,5387.3
19/12/2011,5365.0
20/12/2011,5419.6
21/12/2011,5389.7
22/12/2011,5457.0
23/12/2011,5512.7
28/12/2011,5507.4
29/12/2011,5566.8
30/12/2011,5572.3
03/01/2012,5699.9
04/01/2012,5668.5
05/01/2012,5624.3
06/01/2012,5649.7
09/01/2012,5612.3
10/01/2012,5696.7
11/01/2012,5670.8
12/01/2012,5662.4
13/01/2012,5636.6
16/01/2012,5657.4
17/01/2012,5694.0
18/01/2012,5702.4
19/01/2012,5741.1
20/01/2012,5728.5
23/01/2012,5782.6
24/01/2012,5751.9
25/01/2012,5723.0
26/01/2012,5795.2
27/01/2012,5733.5
30/01/2012,5671.1
31/01/2012,5681.6
01/02/2012,5790.7
02/02/2012,5796.1
03/02/2012,5901.1
06/02/2012,5892.2
07/02/2012,5890.3
08/02/2012,5875.9
09/02/2012,5895.5
10/02/2012,5852.4
13/02/2012,5905.7
14/02/2012,5899.9
15/02/2012,5892.2
16/02/2012,5885.4
17/02/2012,5905.1
20/02/2012,5945.3
21/02/2012,5928.2
22/02/2012,5916.5
23/02/2012,5937.9
24/02/2012,5935.1
27/02/2012,5915.5
28/02/2012,5927.9
29/02/2012,5871.5
01/03/2012,5931.3
02/03/2012,5911.1
05/03/2012,5874.8
06/03/2012,5765.8
07/03/2012,5791.4
08/03/2012,5859.7
09/03/2012,5887.5
12/03/2012,5892.8
13/03/2012,5955.9
14/03/2012,5945.4
15/03/2012,5940.7
16/03/2012,5965.6
19/03/2012,5961.1
20/03/2012,5891.4
21/03/2012,5892.0
22/03/2012,5845.6
23/03/2012,5854.9
26/03/2012,5902.7
27/03/2012,5869.5
28/03/2012,5809.0
29/03/2012,5742.0
30/03/2012,5768.5
02/04/2012,5874.9
03/04/2012,5838.3
04/04/2012,5703.8
05/04/2012,5723.7
10/04/2012,5595.5
11/04/2012,5634.7
12/04/2012,5710.5
13/04/2012,5651.8
16/04/2012,5666.3
17/04/2012,5767.0
18/04/2012,5745.3
19/04/2012,5744.5
20/04/2012,5772.1
23/04/2012,5665.6
24/04/2012,5709.5
25/04/2012,5718.9
26/04/2012,5748.7
27/04/2012,5777.1
30/04/2012,5737.8
01/05/2012,5812.2
02/05/2012,5758.1
03/05/2012,5766.5
04/05/2012,5655.1
08/05/2012,5554.5
09/05/2012,5530.0
10/05/2012,5544.0
11/05/2012,5575.5
14/05/2012,5465.5
15/05/2012,5437.6
16/05/2012,5405.3
17/05/2012,5338.4
18/05/2012,5267.6
21/05/2012,5304.5
22/05/2012,5403.3
23/05/2012,5266.4
24/05/2012,5350.0
25/05/2012,5351.5
28/05/2012,5356.3
29/05/2012,5391.1
30/05/2012,5297.3
31/05/2012,5320.9
01/06/2012,5260.2
06/06/2012,5384.1
07/06/2012,5447.8
08/06/2012,5435.1
11/06/2012,5432.4
12/06/2012,5473.7
13/06/2012,5483.8
14/06/2012,5467.0
15/06/2012,5478.8
18/06/2012,5491.1
19/06/2012,5586.3
20/06/2012,5622.3
21/06/2012,5566.4
22/06/2012,5513.7
25/06/2012,5450.6
26/06/2012,5447.0
27/06/2012,5523.9
28/06/2012,5493.1
29/06/2012,5571.1
02/07/2012,5640.6
03/07/2012,5687.7
04/07/2012,5684.5
05/07/2012,5692.6
06/07/2012,5662.6
09/07/2012,5627.3
10/07/2012,5664.1
11/07/2012,5664.5
12/07/2012,5608.3
13/07/2012,5666.1
16/07/2012,5662.4
17/07/2012,5629.1
18/07/2012,5685.8
19/07/2012,5714.2
20/07/2012,5651.8
23/07/2012,5533.9
24/07/2012,5499.2
25/07/2012,5498.3
26/07/2012,5573.2
27/07/2012,5627.2
30/07/2012,5693.6
31/07/2012,5635.3
01/08/2012,5712.8
02/08/2012,5662.3
03/08/2012,5787.3
06/08/2012,5808.8
07/08/2012,5841.2
08/08/2012,5845.9
09/08/2012,5851.5
10/08/2012,5847.1
13/08/2012,5831.9
14/08/2012,5864.8
15/08/2012,5833.0
16/08/2012,5834.5
17/08/2012,5852.4
20/08/2012,5824.4
21/08/2012,5857.5
22/08/2012,5774.2
23/08/2012,5776.6
24/08/2012,5776.6
28/08/2012,5775.7
29/08/2012,5743.5
30/08/2012,5719.5
31/08/2012,5711.5
03/09/2012,5758.4
04/09/2012,5672.0
05/09/2012,5657.9
06/09/2012,5777.3
07/09/2012,5794.8
10/09/2012,5793.2
11/09/2012,5792.2
12/09/2012,5782.1
13/09/2012,5819.9
14/09/2012,5915.5
17/09/2012,5893.5
18/09/2012,5868.2
19/09/2012,5888.5
20/09/2012,5854.6
21/09/2012,5852.6
24/09/2012,5838.8
25/09/2012,5859.7
26/09/2012,5768.1
27/09/2012,5779.4
28/09/2012,5742.1
01/10/2012,5820.5
02/10/2012,5809.5
03/10/2012,5825.8
04/10/2012,5827.8
05/10/2012,5871.0
08/10/2012,5841.7
09/10/2012,5810.3
10/10/2012,5776.7
11/10/2012,5829.8
12/10/2012,5793.3
15/10/2012,5805.6
16/10/2012,5870.5
17/10/2012,5910.9
18/10/2012,5917.0
19/10/2012,5896.1
22/10/2012,5882.9
23/10/2012,5797.9
24/10/2012,5804.8
25/10/2012,5805.0
26/10/2012,5806.7
29/10/2012,5795.1
30/10/2012,5849.9
31/10/2012,5782.7
01/11/2012,5861.9
02/11/2012,5868.5
05/11/2012,5839.1
06/11/2012,5884.9
07/11/2012,5791.6
08/11/2012,5776.0
09/11/2012,5769.7
12/11/2012,5767.3
13/11/2012,5786.3
14/11/2012,5722.0
15/11/2012,5677.8
16/11/2012,5605.6
19/11/2012,5737.7
20/11/2012,5748.1
21/11/2012,5752.0
22/11/2012,5791.0
23/11/2012,5819.1
26/11/2012,5786.7
27/11/2012,5799.7
28/11/2012,5803.3
29/11/2012,5870.3
30/11/2012,5866.8
03/12/2012,5871.2
04/12/2012,5869.0
05/12/2012,5892.1
06/12/2012,5901.4
07/12/2012,5914.4
10/12/2012,5921.6
11/12/2012,5925.0
12/12/2012,5945.9
13/12/2012,5929.6
14/12/2012,5921.8
17/12/2012,5912.1
18/12/2012,5935.9
19/12/2012,5961.6
20/12/2012,5958.3
21/12/2012,5940.0
24/12/2012,5954.2
27/12/2012,5954.3
28/12/2012,5925.4
31/12/2012,5897.8
02/01/2013,6027.4
03/01/2013,6047.3
04/01/2013,6089.8
07/01/2013,6064.6
08/01/2013,6053.6
09/01/2013,6098.6
10/01/2013,6101.5
11/01/2013,6121.6
14/01/2013,6107.9
15/01/2013,6117.3
16/01/2013,6104.0
17/01/2013,6132.4
18/01/2013,6154.4
21/01/2013,6181.0
22/01/2013,6179.2
23/01/2013,6197.6
24/01/2013,6264.9
25/01/2013,6284.5
28/01/2013,6294.4
29/01/2013,6339.2
30/01/2013,6323.1
31/01/2013,6276.9
01/02/2013,6347.2
04/02/2013,6246.8
05/02/2013,6282.8
06/02/2013,6295.3
07/02/2013,6228.4
08/02/2013,6263.9
11/02/2013,6277.1
12/02/2013,6338.4
13/02/2013,6359.1
14/02/2013,6327.4
15/02/2013,6328.3
18/02/2013,6318.2
19/02/2013,6379.1
20/02/2013,6395.4
21/02/2013,6291.5
22/02/2013,6335.7
25/02/2013,6355.4
26/02/2013,6270.4
27/02/2013,6325.9
28/02/2013,6360.8
01/03/2013,6378.6
04/03/2013,6345.6
05/03/2013,6432.0
06/03/2013,6427.6
07/03/2013,6439.2
08/03/2013,6483.6
11/03/2013,6503.6
12/03/2013,6510.6
13/03/2013,6481.5
14/03/2013,6529.4
15/03/2013,6489.6
18/03/2013,6457.9
19/03/2013,6441.3
20/03/2013,6432.7
21/03/2013,6388.5
22/03/2013,6392.8
25/03/2013,6378.4
26/03/2013,6399.4
27/03/2013,6387.6
28/03/2013,6411.7
02/04/2013,6490.7
03/04/2013,6420.3
04/04/2013,6344.1
05/04/2013,6249.8
08/04/2013,6276.9
09/04/2013,6313.2
10/04/2013,6387.4
11/04/2013,6416.1
12/04/2013,6384.4
15/04/2013,6343.6
16/04/2013,6304.6
17/04/2013,6244.2
18/04/2013,6243.7
19/04/2013,6286.6
22/04/2013,6280.6
23/04/2013,6406.1
24/04/2013,6431.8
25/04/2013,6442.6
26/04/2013,6426.4
29/04/2013,6458.0
30/04/2013,6430.1
01/05/2013,6451.3
02/05/2013,6460.7
03/05/2013,6521.5
07/05/2013,6557.3
08/05/2013,6583.5
09/05/2013,6592.7
10/05/2013,6625.0
13/05/2013,6631.8
14/05/2013,6686.1
15/05/2013,6693.5
16/05/2013,6687.8
17/05/2013,6723.1
20/05/2013,6755.6
21/05/2013,6803.9
22/05/2013,6840.3
23/05/2013,6696.8
24/05/2013,6654.3
28/05/2013,6762.0
29/05/2013,6627.2
30/05/2013,6657.0
31/05/2013,6583.1
03/06/2013,6525.1
04/06/2013,6558.6
05/06/2013,6419.3
06/06/2013,6336.1
07/06/2013,6412.0
10/06/2013,6400.5
11/06/2013,6340.1
12/06/2013,6299.5
13/06/2013,6304.6
14/06/2013,6308.3
17/06/2013,6330.5
18/06/2013,6374.2
19/06/2013,6348.8
20/06/2013,6159.5
21/06/2013,6116.2
24/06/2013,6029.1
25/06/2013,6101.9
26/06/2013,6165.5
27/06/2013,6243.4
28/06/2013,6215.5
01/07/2013,6307.8
02/07/2013,6303.9
03/07/2013,6229.9
04/07/2013,6421.7
05/07/2013,6375.5
08/07/2013,6450.1
09/07/2013,6513.1
10/07/2013,6505.0
11/07/2013,6543.4
12/07/2013,6544.9
15/07/2013,6586.1
16/07/2013,6556.4
17/07/2013,6571.9
18/07/2013,6634.4
19/07/2013,6630.7
22/07/2013,6623.2
23/07/2013,6597.4
24/07/2013,6620.4
25/07/2013,6588.0
26/07/2013,6554.8
29/07/2013,6560.3
30/07/2013,6570.9
31/07/2013,6621.1
01/08/2013,6682.0
02/08/2013,6647.9
05/08/2013,6619.6
06/08/2013,6604.2
07/08/2013,6511.2
08/08/2013,6529.7
09/08/2013,6583.4
12/08/2013,6574.3
13/08/2013,6611.9
14/08/2013,6587.4
15/08/2013,6483.3
16/08/2013,6500.0
19/08/2013,6465.7
20/08/2013,6453.5
21/08/2013,6390.8
22/08/2013,6446.9
23/08/2013,6492.1
27/08/2013,6441.0
28/08/2013,6430.1
29/08/2013,6483.0
30/08/2013,6412.9
02/09/2013,6506.2
03/09/2013,6468.4
04/09/2013,6474.7
05/09/2013,6532.4
06/09/2013,6547.3
09/09/2013,6530.7
10/09/2013,6584.0
11/09/2013,6588.4
12/09/2013,6589.0
13/09/2013,6583.8
16/09/2013,6622.9
17/09/2013,6570.2
18/09/2013,6558.8
19/09/2013,6625.4
20/09/2013,6596.4
23/09/2013,6557.4
24/09/2013,6571.5
25/09/2013,6551.5
26/09/2013,6565.6
27/09/2013,6512.7
30/09/2013,6462.2
01/10/2013,6460.0
02/10/2013,6437.5
03/10/2013,6449.0
04/10/2013,6453.9
07/10/2013,6437.3
08/10/2013,6365.8
09/10/2013,6337.9
10/10/2013,6430.5
11/10/2013,6487.2
14/10/2013,6507.7
15/10/2013,6549.1
16/10/2013,6571.6
17/10/2013,6576.2
18/10/2013,6622.6
21/10/2013,6654.2
22/10/2013,6695.7
23/10/2013,6674.5
24/10/2013,6713.2
25/10/2013,6721.3
28/10/2013,6725.8
29/10/2013,6774.7
30/10/2013,6777.7
31/10/2013,6731.4
01/11/2013,6734.7
04/11/2013,6763.6
05/11/2013,6746.8
06/11/2013,6741.7
07/11/2013,6697.2
08/11/2013,6708.4
11/11/2013,6728.4
12/11/2013,6726.8
13/11/2013,6630.0
14/11/2013,6666.1
15/11/2013,6693.4
18/11/2013,6723.5
19/11/2013,6698.0
20/11/2013,6681.1
21/11/2013,6681.3
22/11/2013,6674.3
25/11/2013,6694.6
26/11/2013,6636.2
27/11/2013,6649.5
28/11/2013,6654.5
29/11/2013,6650.6
02/12/2013,6595.3
03/12/2013,6532.4
04/12/2013,6510.0
05/12/2013,6498.3
06/12/2013,6552.0
09/12/2013,6559.5
10/12/2013,6523.3
11/12/2013,6507.7
12/12/2013,6445.3
13/12/2013,6440.0
16/12/2013,6522.2
17/12/2013,6486.2
18/12/2013,6492.1
19/12/2013,6584.7
20/12/2013,6606.6
23/12/2013,6678.6
24/12/2013,6694.2
27/12/2013,6750.9
30/12/2013,6731.3
31/12/2013,6749.1
02/01/2014,6717.9
03/01/2014,6730.7
06/01/2014,6730.7
07/01/2014,6755.5
08/01/2014,6721.8
09/01/2014,6691.3
10/01/2014,6739.9
13/01/2014,6757.2
14/01/2014,6766.9
15/01/2014,6819.9
16/01/2014,6815.4
17/01/2014,6829.3
20/01/2014,6836.7
21/01/2014,6834.3
22/01/2014,6826.3
23/01/2014,6773.3
24/01/2014,6663.7
27/01/2014,6550.7
28/01/2014,6572.3
29/01/2014,6544.3
30/01/2014,6538.5
31/01/2014,6510.4
03/02/2014,6465.7
04/02/2014,6449.3
05/02/2014,6457.9
06/02/2014,6558.3
07/02/2014,6571.7
10/02/2014,6591.6
11/02/2014,6672.7
12/02/2014,6675.0
13/02/2014,6659.4
14/02/2014,6663.6
17/02/2014,6736.0
18/02/2014,6796.4
19/02/2014,6796.7
20/02/2014,6813.0
21/02/2014,6838.1
24/02/2014,6865.9
25/02/2014,6830.5
26/02/2014,6799.2
27/02/2014,6810.3
28/02/2014,6809.7
03/03/2014,6708.4
04/03/2014,6823.8
05/03/2014,6775.4
06/03/2014,6788.5
07/03/2014,6712.7
10/03/2014,6689.5
11/03/2014,6685.5
12/03/2014,6620.9
13/03/2014,6553.8
14/03/2014,6527.9
17/03/2014,6568.4
18/03/2014,6605.3
19/03/2014,6573.1
20/03/2014,6542.4
21/03/2014,6557.2
24/03/2014,6520.4
25/03/2014,6604.9
26/03/2014,6605.3
27/03/2014,6588.3
28/03/2014,6615.6
31/03/2014,6598.4
01/04/2014,6652.6
02/04/2014,6659.0
03/04/2014,6649.1
04/04/2014,6695.6
07/04/2014,6622.8
08/04/2014,6590.7
09/04/2014,6635.6
10/04/2014,6642.0
11/04/2014,6561.7
14/04/2014,6583.8
15/04/2014,6541.6
16/04/2014,6584.2
17/04/2014,6625.3
22/04/2014,6681.8
23/04/2014,6674.7
24/04/2014,6703.0
25/04/2014,6685.7
28/04/2014,6700.2
29/04/2014,6769.9
30/04/2014,6780.0
01/05/2014,6808.9
02/05/2014,6822.4
06/05/2014,6798.6
07/05/2014,6796.4
08/05/2014,6839.3
09/05/2014,6814.6
12/05/2014,6851.8
13/05/2014,6873.1
14/05/2014,6878.5
15/05/2014,6840.9
16/05/2014,6855.8
19/05/2014,6844.6
20/05/2014,6802.0
21/05/2014,6821.0
22/05/2014,6820.6
23/05/2014,6815.8
27/05/2014,6844.9
28/05/2014,6851.2
29/05/2014,6871.3
30/05/2014,6844.5
02/06/2014,6864.1
03/06/2014,6836.3
04/06/2014,6818.6
05/06/2014,6813.5
06/06/2014,6858.2
09/06/2014,6875.0
10/06/2014,6873.6
11/06/2014,6838.9
12/06/2014,6843.1
13/06/2014,6777.9
16/06/2014,6754.6
17/06/2014,6766.8
18/06/2014,6778.6
19/06/2014,6808.1
20/06/2014,6825.2
23/06/2014,6800.6
24/06/2014,6787.1
25/06/2014,6733.6
26/06/2014,6735.1
27/06/2014,6757.8
30/06/2014,6743.9
01/07/2014,6802.9
02/07/2014,6816.4
03/07/2014,6865.2
04/07/2014,6866.1
07/07/2014,6823.5
08/07/2014,6738.5
09/07/2014,6718.0
10/07/2014,6672.4
11/07/2014,6690.2
14/07/2014,6746.1
15/07/2014,6710.5
16/07/2014,6784.7
17/07/2014,6738.3
18/07/2014,6749.5
21/07/2014,6728.4
22/07/2014,6795.3
23/07/2014,6798.2
24/07/2014,6821.5
25/07/2014,6791.6
28/07/2014,6788.1
29/07/2014,6807.8
30/07/2014,6773.4
31/07/2014,6730.1
01/08/2014,6679.2
04/08/2014,6677.5
05/08/2014,6682.5
06/08/2014,6636.2
07/08/2014,6597.4
08/08/2014,6567.4
11/08/2014,6632.8
12/08/2014,6632.4
13/08/2014,6656.7
14/08/2014,6685.3
15/08/2014,6689.1
18/08/2014,6741.3
19/08/2014,6779.3
20/08/2014,6755.5
21/08/2014,6777.7
22/08/2014,6775.3
26/08/2014,6822.8
27/08/2014,6830.7
28/08/2014,6805.8
29/08/2014,6819.8
01/09/2014,6825.3
02/09/2014,6829.2
03/09/2014,6873.6
04/09/2014,6878.0
05/09/2014,6855.1
08/09/2014,6834.8
09/09/2014,6829.0
10/09/2014,6830.1
11/09/2014,6799.6
12/09/2014,6807.0
15/09/2014,6804.2
16/09/2014,6792.2
17/09/2014,6780.9
18/09/2014,6819.3
19/09/2014,6837.9
22/09/2014,6773.6
23/09/2014,6676.1
24/09/2014,6706.3
25/09/2014,6639.7
26/09/2014,6649.4
29/09/2014,6646.6
30/09/2014,6622.7
01/10/2014,6557.5
02/10/2014,6446.4
03/10/2014,6527.9
06/10/2014,6563.7
07/10/2014,6495.6
08/10/2014,6482.2
09/10/2014,6431.9
10/10/2014,6340.0
13/10/2014,6366.2
14/10/2014,6392.7
15/10/2014,6211.6
16/10/2014,6195.9
17/10/2014,6310.3
20/10/2014,6267.1
21/10/2014,6372.3
22/10/2014,6399.7
23/10/2014,6419.2
24/10/2014,6388.7
27/10/2014,6363.5
28/10/2014,6402.2
29/10/2014,6453.9
30/10/2014,6463.6
31/10/2014,6546.5
03/11/2014,6488.0
04/11/2014,6454.0
05/11/2014,6539.1
06/11/2014,6551.2
07/11/2014,6567.2
10/11/2014,6611.3
11/11/2014,6627.4
12/11/2014,6611.0
13/11/2014,6635.5
14/11/2014,6654.4
17/11/2014,6672.0
18/11/2014,6709.1
19/11/2014,6696.6
20/11/2014,6678.9
21/11/2014,6750.8
24/11/2014,6729.8
25/11/2014,6731.1
26/11/2014,6729.2
27/11/2014,6723.4
28/11/2014,6722.6
01/12/2014,6656.4
02/12/2014,6742.1
03/12/2014,6716.6
04/12/2014,6679.4
05/12/2014,6742.8
08/12/2014,6672.2
09/12/2014,6529.5
10/12/2014,6500.0
11/12/2014,6461.7
12/12/2014,6300.6
15/12/2014,6182.7
16/12/2014,6331.8
17/12/2014,6336.5
18/12/2014,6466.0
19/12/2014,6545.3
22/12/2014,6576.7
23/12/2014,6598.2
24/12/2014,6609.9
29/12/2014,6633.5
30/12/2014,6547.0
31/12/2014,6566.1
02/01/2015,6547.8
05/01/2015,6417.2
06/01/2015,6366.5
07/01/2015,6419.8
08/01/2015,6570.0
09/01/2015,6501.1
12/01/2015,6501.4
13/01/2015,6542.2
14/01/2015,6388.5
15/01/2015,6498.8
16/01/2015,6550.3
19/01/2015,6585.5
20/01/2015,6620.1
21/01/2015,6728.0
22/01/2015,6796.6
23/01/2015,6832.8
26/01/2015,6852.4
27/01/2015,6811.6
28/01/2015,6825.9
29/01/2015,6810.6
30/01/2015,6749.4
02/02/2015,6782.6
03/02/2015,6871.8
04/02/2015,6860.0
05/02/2015,6865.9
06/02/2015,6853.4
09/02/2015,6837.2
10/02/2015,6829.1
11/02/2015,6818.2
12/02/2015,6828.1
13/02/2015,6873.5
16/02/2015,6857.1
17/02/2015,6898.1
18/02/2015,6898.1
19/02/2015,6888.9
20/02/2015,6915.2
23/02/2015,6912.2
24/02/2015,6949.6
25/02/2015,6935.4
26/02/2015,6949.7
27/02/2015,6946.7
02/03/2015,6940.6
03/03/2015,6889.1
04/03/2015,6919.2
05/03/2015,6961.1
06/03/2015,6911.8
09/03/2015,6876.5
10/03/2015,6702.8
11/03/2015,6721.5
12/03/2015,6761.1
13/03/2015,6740.6
16/03/2015,6804.1
17/03/2015,6837.6
18/03/2015,6945.2
19/03/2015,6962.3
20/03/2015,7022.5
23/03/2015,7037.7
24/03/2015,7019.7
25/03/2015,6991.0
26/03/2015,6895.3
27/03/2015,6855.0
30/03/2015,6891.4
31/03/2015,6773.0
01/04/2015,6809.5
02/04/2015,6833.5
07/04/2015,6961.8
08/04/2015,6937.4
09/04/2015,7015.4
10/04/2015,7089.8
13/04/2015,7064.3
14/04/2015,7075.3
15/04/2015,7096.8
16/04/2015,7060.5
17/04/2015,6994.6
20/04/2015,7052.1
21/04/2015,7062.9
22/04/2015,7028.2
23/04/2015,7053.7
24/04/2015,7070.7
27/04/2015,7104.0
28/04/2015,7030.5
29/04/2015,6946.3
30/04/2015,6960.6
01/05/2015,6986.0
05/05/2015,6927.6
06/05/2015,6933.7
07/05/2015,6887.0
08/05/2015,7046.8
11/05/2015,7029.9
12/05/2015,6933.8
13/05/2015,6949.6
14/05/2015,6973.0
15/05/2015,6960.5
18/05/2015,6968.9
19/05/2015,6995.1
20/05/2015,7007.3
21/05/2015,7013.5
22/05/2015,7031.7
26/05/2015,6949.0
27/05/2015,7033.3
28/05/2015,7040.9
29/05/2015,6984.4
01/06/2015,6953.6
02/06/2015,6928.3
03/06/2015,6950.5
04/06/2015,6859.2
05/06/2015,6804.6
08/06/2015,6790.0
09/06/2015,6753.8
10/06/2015,6830.3
11/06/2015,6846.7
12/06/2015,6784.9
15/06/2015,6710.5
16/06/2015,6710.1
17/06/2015,6680.6
18/06/2015,6707.9
19/06/2015,6710.5
22/06/2015,6825.7
23/06/2015,6834.9
24/06/2015,6844.8
25/06/2015,6807.8
26/06/2015,6753.7
29/06/2015,6620.5
30/06/2015,6521.0
01/07/2015,6608.6
02/07/2015,6630.5
03/07/2015,6585.8
06/07/2015,6535.7
07/07/2015,6432.2
08/07/2015,6490.7
09/07/2015,6581.6
10/07/2015,6673.4
13/07/2015,6738.0
14/07/2015,6753.8
15/07/2015,6753.8
16/07/2015,6796.5
17/07/2015,6775.1
20/07/2015,6788.7
21/07/2015,6769.1
22/07/2015,6667.3
23/07/2015,6655.0
24/07/2015,6579.8
27/07/2015,6505.1
28/07/2015,6555.3
29/07/2015,6631.0
30/07/2015,6668.9
31/07/2015,6696.3
03/08/2015,6688.6
04/08/2015,6686.6
05/08/2015,6752.4
06/08/2015,6747.1
07/08/2015,6718.5
10/08/2015,6736.2
11/08/2015,6664.5
12/08/2015,6571.2
13/08/2015,6568.3
14/08/2015,6550.7
17/08/2015,6550.3
18/08/2015,6526.3
19/08/2015,6403.5
20/08/2015,6367.9
21/08/2015,6187.7
24/08/2015,5898.9
25/08/2015,6081.3
26/08/2015,5979.2
27/08/2015,6192.0
28/08/2015,6247.9
01/09/2015,6058.5
02/09/2015,6083.3
03/09/2015,6194.1
04/09/2015,6042.9
07/09/2015,6074.5
08/09/2015,6146.1
09/09/2015,6229.0
10/09/2015,6155.8
11/09/2015,6117.8
14/09/2015,6084.6
15/09/2015,6137.6
16/09/2015,6229.2
17/09/2015,6187.0
18/09/2015,6104.1
21/09/2015,6108.7
22/09/2015,5935.8
23/09/2015,6032.2
24/09/2015,5961.5
25/09/2015,6109.0
28/09/2015,5958.9
29/09/2015,5909.2
30/09/2015,6061.6
01/10/2015,6072.5
02/10/2015,6130.0
05/10/2015,6298.9
06/10/2015,6326.2
07/10/2015,6336.4
08/10/2015,6374.8
09/10/2015,6416.2
12/10/2015,6371.2
13/10/2015,6342.3
14/10/2015,6269.6
15/10/2015,6338.7
16/10/2015,6378.0
19/10/2015,6352.3
20/10/2015,6345.1
21/10/2015,6348.4
22/10/2015,6376.3
23/10/2015,6444.1
26/10/2015,6417.0
27/10/2015,6365.3
28/10/2015,6437.8
29/10/2015,6395.8
30/10/2015,6361.1
02/11/2015,6361.8
03/11/2015,6383.6
04/11/2015,6412.9
05/11/2015,6364.9
06/11/2015,6353.8
09/11/2015,6295.2
10/11/2015,6275.3
11/11/2015,6297.2
12/11/2015,6178.7
13/11/2015,6118.3
16/11/2015,6146.4
17/11/2015,6268.8
18/11/2015,6279.0
19/11/2015,6329.9
20/11/2015,6334.6
23/11/2015,6305.5
24/11/2015,6277.2
25/11/2015,6337.6
26/11/2015,6393.1
27/11/2015,6375.2
30/11/2015,6356.1
01/12/2015,6395.7
02/12/2015,6420.9
03/12/2015,6275.0
04/12/2015,6238.3
07/12/2015,6223.5
08/12/2015,6135.2
09/12/2015,6126.7
10/12/2015,6088.1
11/12/2015,5952.8
14/12/2015,5874.1
15/12/2015,6017.8
16/12/2015,6061.2
17/12/2015,6102.5
18/12/2015,6052.4
21/12/2015,6034.8
22/12/2015,6083.1
23/12/2015,6241.0
24/12/2015,6254.6
29/12/2015,6314.6
30/12/2015,6274.1
31/12/2015,6242.3
04/01/2016,6093.4
05/01/2016,6137.2
06/01/2016,6073.4
07/01/2016,5954.1
08/01/2016,5912.4
11/01/2016,5871.8
12/01/2016,5929.2
13/01/2016,5961.0
14/01/2016,5918.2
15/01/2016,5804.1
18/01/2016,5779.9
19/01/2016,5876.8
20/01/2016,5673.6
21/01/2016,5773.8
22/01/2016,5900.0
25/01/2016,5877.0
26/01/2016,5911.5
27/01/2016,5990.4
28/01/2016,5931.8
29/01/2016,6083.8
01/02/2016,6060.1
02/02/2016,5922.0
03/02/2016,5837.1
04/02/2016,5898.8
05/02/2016,5848.1
08/02/2016,5689.4
09/02/2016,5632.2
10/02/2016,5672.3
11/02/2016,5537.0
12/02/2016,5707.6
15/02/2016,5824.3
16/02/2016,5862.2
17/02/2016,6030.3
18/02/2016,5972.0
19/02/2016,5950.2
22/02/2016,6037.7
23/02/2016,5962.3
24/02/2016,5867.2
25/02/2016,6012.8
26/02/2016,6096.0
29/02/2016,6097.1
01/03/2016,6152.9
02/03/2016,6147.1
03/03/2016,6130.5
04/03/2016,6199.4
07/03/2016,6182.4
08/03/2016,6125.4
09/03/2016,6146.3
10/03/2016,6036.7
11/03/2016,6139.8
14/03/2016,6174.6
15/03/2016,6140.0
16/03/2016,6175.5
17/03/2016,6201.1
18/03/2016,6189.6
21/03/2016,6184.6
22/03/2016,6192.7
23/03/2016,6199.1
24/03/2016,6106.5
29/03/2016,6105.9
30/03/2016,6203.2
31/03/2016,6174.9
01/04/2016,6146.1
04/04/2016,6164.7
05/04/2016,6091.2
06/04/2016,6161.6
07/04/2016,6136.9
08/04/2016,6204.4
11/04/2016,6200.1
12/04/2016,6242.4
13/04/2016,6362.9
14/04/2016,6365.1
15/04/2016,6343.8
18/04/2016,6353.5
19/04/2016,6405.4
20/04/2016,6410.3
21/04/2016,6381.4
22/04/2016,6310.4
25/04/2016,6260.9
26/04/2016,6284.5
27/04/2016,6319.9
28/04/2016,6322.4
29/04/2016,6241.9
03/05/2016,6185.6
04/05/2016,6112.0
05/05/2016,6117.3
06/05/2016,6125.7
09/05/2016,6114.8
10/05/2016,6156.7
11/05/2016,6162.5
12/05/2016,6104.2
13/05/2016,6138.5
16/05/2016,6151.4
17/05/2016,6167.8
18/05/2016,6165.8
19/05/2016,6053.4
20/05/2016,6156.3
23/05/2016,6136.4
24/05/2016,6219.3
25/05/2016,6262.9
26/05/2016,6265.7
27/05/2016,6270.8
31/05/2016,6230.8
01/06/2016,6191.9
02/06/2016,6185.6
03/06/2016,6209.6
06/06/2016,6273.4
07/06/2016,6284.5
08/06/2016,6301.5
09/06/2016,6231.9
10/06/2016,6115.8
13/06/2016,6045.0
14/06/2016,5923.5
15/06/2016,5966.8
16/06/2016,5950.5
17/06/2016,6021.1
20/06/2016,6204.0
21/06/2016,6226.6
22/06/2016,6261.2
23/06/2016,6338.1
24/06/2016,6138.7
27/06/2016,5982.2
28/06/2016,6140.4
29/06/2016,6360.1
30/06/2016,6504.3
01/07/2016,6577.8
04/07/2016,6522.3
05/07/2016,6545.4
06/07/2016,6463.6
07/07/2016,6533.8
08/07/2016,6590.6
11/07/2016,6682.9
12/07/2016,6680.7
13/07/2016,6670.4
14/07/2016,6654.5
15/07/2016,6669.2
18/07/2016,6695.4
19/07/2016,6697.4
20/07/2016,6729.0
21/07/2016,6699.9
22/07/2016,6730.5
25/07/2016,6710.1
26/07/2016,6724.0
27/07/2016,6750.4
28/07/2016,6721.1
29/07/2016,6724.4
01/08/2016,6694.0
02/08/2016,6645.4
03/08/2016,6634.4
04/08/2016,6740.2
05/08/2016,6793.5
08/08/2016,6809.1
09/08/2016,6851.3
10/08/2016,6866.4
11/08/2016,6914.7
12/08/2016,6916.0
15/08/2016,6941.2
16/08/2016,6893.9
17/08/2016,6859.2
18/08/2016,6869.0
19/08/2016,6859.0
22/08/2016,6828.5
23/08/2016,6868.5
24/08/2016,6835.8
25/08/2016,6816.9
26/08/2016,6838.1
30/08/2016,6820.8
31/08/2016,6781.5
01/09/2016,6746.0
02/09/2016,6894.6
05/09/2016,6879.4
06/09/2016,6826.1
07/09/2016,6846.6
08/09/2016,6858.7
09/09/2016,6777.0
12/09/2016,6700.9
13/09/2016,6665.6
14/09/2016,6673.3
15/09/2016,6730.3
16/09/2016,6710.3
19/09/2016,6813.6
20/09/2016,6830.8
21/09/2016,6834.8
22/09/2016,6911.4
23/09/2016,6909.4
26/09/2016,6818.0
27/09/2016,6807.7
28/09/2016,6849.4
29/09/2016,6919.4
30/09/2016,6899.3
03/10/2016,6983.5
04/10/2016,7074.3
05/10/2016,7033.3
06/10/2016,7000.0
07/10/2016,7044.4
10/10/2016,7097.5
11/10/2016,7070.9
12/10/2016,7024.0
13/10/2016,6977.7
14/10/2016,7013.6
17/10/2016,6947.6
18/10/2016,7000.1
19/10/2016,7021.9
20/10/2016,7026.9
21/10/2016,7020.5
24/10/2016,6986.4
25/10/2016,7017.6
26/10/2016,6958.1
27/10/2016,6986.6
28/10/2016,6996.3
31/10/2016,6954.2
01/11/2016,6917.1
02/11/2016,6845.4
03/11/2016,6790.5
04/11/2016,6693.3
07/11/2016,6806.9
08/11/2016,6843.1
09/11/2016,6911.8
10/11/2016,6828.0
11/11/2016,6730.4
14/11/2016,6753.2
15/11/2016,6792.7
16/11/2016,6749.7
17/11/2016,6794.7
18/11/2016,6775.8
21/11/2016,6778.0
22/11/2016,6819.7
23/11/2016,6817.7
24/11/2016,6829.2
25/11/2016,6840.8
28/11/2016,6799.5
29/11/2016,6772.0
30/11/2016,6783.8
01/12/2016,6752.9
02/12/2016,6730.7
05/12/2016,6746.8
06/12/2016,6779.8
07/12/2016,6902.2
08/12/2016,6931.6
09/12/2016,6954.2
12/12/2016,6890.4
13/12/2016,6968.6
14/12/2016,6949.2
15/12/2016,6999.0
16/12/2016,7011.6
19/12/2016,7017.2
20/12/2016,7044.0
21/12/2016,7041.4
22/12/2016,7063.7
23/12/2016,7068.2
28/12/2016,7106.1
29/12/2016,7120.3
30/12/2016,7142.8
03/01/2017,7177.9
04/01/2017,7189.7
05/01/2017,7195.3
06/01/2017,7210.1
09/01/2017,7237.8
10/01/2017,7275.5
11/01/2017,7290.5
12/01/2017,7292.4
13/01/2017,7337.8
16/01/2017,7327.1
17/01/2017,7220.4
18/01/2017,7247.6
19/01/2017,7208.4
20/01/2017,7198.4
23/01/2017,7151.2
24/01/2017,7150.3
25/01/2017,7164.4
26/01/2017,7161.5
27/01/2017,7184.5
30/01/2017,7118.5
31/01/2017,7099.2
01/02/2017,7107.7
02/02/2017,7140.8
03/02/2017,7188.3
06/02/2017,7172.2
07/02/2017,7186.2
08/02/2017,7188.8
09/02/2017,7229.5
10/02/2017,7258.8
13/02/2017,7278.9
14/02/2017,7268.6
15/02/2017,7302.4
16/02/2017,7277.9
17/02/2017,7300.0
20/02/2017,7299.9
21/02/2017,7274.8
22/02/2017,7302.3
23/02/2017,7271.4
24/02/2017,7243.7
27/02/2017,7253.0
28/02/2017,7263.4
01/03/2017,7382.9
02/03/2017,7382.4
03/03/2017,7374.3
06/03/2017,7350.1
07/03/2017,7339.0
08/03/2017,7334.6
09/03/2017,7315.0
10/03/2017,7343.1
13/03/2017,7367.1
14/03/2017,7357.9
15/03/2017,7368.6
16/03/2017,7416.0
17/03/2017,7425.0
20/03/2017,7429.8
21/03/2017,7378.3
22/03/2017,7324.7
23/03/2017,7340.7
24/03/2017,7336.8
27/03/2017,7293.5
28/03/2017,7343.4
29/03/2017,7373.7
30/03/2017,7369.5
31/03/2017,7322.9
03/04/2017,7282.7
04/04/2017,7321.8
05/04/2017,7331.7
06/04/2017,7303.2
07/04/2017,7349.4
10/04/2017,7348.9
11/04/2017,7365.5
12/04/2017,7349.0
13/04/2017,7327.6
18/04/2017,7147.5
19/04/2017,7114.4
20/04/2017,7118.5
21/04/2017,7114.6
24/04/2017,7264.7
25/04/2017,7275.6
26/04/2017,7288.7
27/04/2017,7237.2
28/04/2017,7203.9
02/05/2017,7250.1
03/05/2017,7234.5
04/05/2017,7248.1
05/05/2017,7297.4
08/05/2017,7300.9
09/05/2017,7342.2
10/05/2017,7385.2
11/05/2017,7386.6
12/05/2017,7435.4
15/05/2017,7454.4
16/05/2017,7522.0
17/05/2017,7503.5
18/05/2017,7436.4
19/05/2017,7470.7
22/05/2017,7496.3
23/05/2017,7485.3
24/05/2017,7514.9
25/05/2017,7517.7
26/05/2017,7547.6
30/05/2017,7526.5
31/05/2017,7520.0
01/06/2017,7543.8
02/06/2017,7547.6
05/06/2017,7525.8
06/06/2017,7525.0
07/06/2017,7478.6
08/06/2017,7450.0
09/06/2017,7527.3
12/06/2017,7511.9
13/06/2017,7500.4
14/06/2017,7474.4
15/06/2017,7419.4
16/06/2017,7463.5
19/06/2017,7523.8
20/06/2017,7472.7
21/06/2017,7447.8
22/06/2017,7439.3
23/06/2017,7424.1
26/06/2017,7446.8
27/06/2017,7434.4
28/06/2017,7387.8
29/06/2017,7350.3
30/06/2017,7312.7
03/07/2017,7377.1
04/07/2017,7357.2
05/07/2017,7367.6
06/07/2017,7337.3
07/07/2017,7350.9
10/07/2017,7370.0
11/07/2017,7329.8
12/07/2017,7416.9
13/07/2017,7413.4
14/07/2017,7378.4
17/07/2017,7404.1
18/07/2017,7390.2
19/07/2017,7430.9
20/07/2017,7487.9
21/07/2017,7452.9
24/07/2017,7377.7
25/07/2017,7434.8
26/07/2017,7452.3
27/07/2017,7443.0
28/07/2017,7368.4
31/07/2017,7372.0
01/08/2017,7423.7
02/08/2017,7411.4
03/08/2017,7474.8
04/08/2017,7511.7
07/08/2017,7531.9
08/08/2017,7542.7
09/08/2017,7498.1
10/08/2017,7389.9
11/08/2017,7310.0
14/08/2017,7353.9
15/08/2017,7383.9
16/08/2017,7433.0
17/08/2017,7387.9
18/08/2017,7324.0
21/08/2017,7318.9
22/08/2017,7381.7
23/08/2017,7382.7
24/08/2017,7407.1
25/08/2017,7401.5
29/08/2017,7337.4
30/08/2017,7365.3
31/08/2017,7430.6
01/09/2017,7438.5
04/09/2017,7411.5
05/09/2017,7372.9
06/09/2017,7354.1
07/09/2017,7397.0
08/09/2017,7377.6
11/09/2017,7413.6
12/09/2017,7400.7
13/09/2017,7379.7
14/09/2017,7295.4
15/09/2017,7215.5
18/09/2017,7253.3
19/09/2017,7275.3
20/09/2017,7272.0
21/09/2017,7263.9
22/09/2017,7310.6
25/09/2017,7301.3
26/09/2017,7285.7
27/09/2017,7313.5
28/09/2017,7322.8
29/09/2017,7372.8
02/10/2017,7438.8
03/10/2017,7468.1
04/10/2017,7467.6
05/10/2017,7508.0
06/10/2017,7522.9
09/10/2017,7507.9
10/10/2017,7538.3
11/10/2017,7533.8
12/10/2017,7556.2
13/10/2017,7535.4
16/10/2017,7527.0
17/10/2017,7516.2
18/10/2017,7542.9
19/10/2017,7523.0
20/10/2017,7523.2
23/10/2017,7524.5
24/10/2017,7526.5
25/10/2017,7447.2
26/10/2017,7486.5
27/10/2017,7505.0
30/10/2017,7487.8
31/10/2017,7493.1
01/11/2017,7488.0
02/11/2017,7555.3
03/11/2017,7560.4
06/11/2017,7562.3
07/11/2017,7513.1
08/11/2017,7529.7
09/11/2017,7484.1
10/11/2017,7433.0
13/11/2017,7415.2
14/11/2017,7414.4
15/11/2017,7372.6
16/11/2017,7386.9
17/11/2017,7380.7
20/11/2017,7389.5
21/11/2017,7411.3
22/11/2017,7419.0
23/11/2017,7417.2
24/11/2017,7409.6
27/11/2017,7383.9
28/11/2017,7460.7
29/11/2017,7393.6
30/11/2017,7326.7
01/12/2017,7300.5
04/12/2017,7339.0
05/12/2017,7327.5
06/12/2017,7348.0
07/12/2017,7320.8
08/12/2017,7394.0
11/12/2017,7453.5
12/12/2017,7500.4
13/12/2017,7496.5
14/12/2017,7448.1
15/12/2017,7490.6
18/12/2017,7537.0
19/12/2017,7544.1
20/12/2017,7525.2
21/12/2017,7604.0
22/12/2017,7592.7
27/12/2017,7620.7
28/12/2017,7622.9
29/12/2017,7687.8
02/01/2018,7648.1
03/01/2018,7671.1
04/01/2018,7695.9
05/01/2018,7724.2
08/01/2018,7696.5
09/01/2018,7731.0
10/01/2018,7748.5
11/01/2018,7762.9
12/01/2018,7778.6
15/01/2018,7769.1
16/01/2018,7755.9
17/01/2018,7725.4
18/01/2018,7701.0
19/01/2018,7730.8
22/01/2018,7715.4
23/01/2018,7731.8
24/01/2018,7643.4
25/01/2018,7615.8
26/01/2018,7665.5
29/01/2018,7671.5
30/01/2018,7588.0
31/01/2018,7533.6
01/02/2018,7490.4
02/02/2018,7443.4
05/02/2018,7335.0
06/02/2018,7141.4
07/02/2018,7279.4
08/02/2018,7170.7
09/02/2018,7092.4
12/02/2018,7177.1
13/02/2018,7168.0
14/02/2018,7214.0
15/02/2018,7234.8
16/02/2018,7294.7
19/02/2018,7247.7
20/02/2018,7246.8
21/02/2018,7281.6
22/02/2018,7252.4
23/02/2018,7244.4
26/02/2018,7289.6
27/02/2018,7282.5
28/02/2018,7231.9
01/03/2018,7175.6
02/03/2018,7069.9
05/03/2018,7116.0
06/03/2018,7146.8
07/03/2018,7157.8
08/03/2018,7203.2
09/03/2018,7224.5
12/03/2018,7214.8
13/03/2018,7138.8
14/03/2018,7132.7
15/03/2018,7139.8
16/03/2018,7164.1
19/03/2018,7042.9
20/03/2018,7061.3
21/03/2018,7039.0
22/03/2018,6952.6
23/03/2018,6921.9
26/03/2018,6888.7
27/03/2018,7000.1
28/03/2018,7044.7
29/03/2018,7056.6
03/04/2018,7030.5
04/04/2018,7034.0
05/04/2018,7199.5
06/04/2018,7183.6
09/04/2018,7194.8
10/04/2018,7266.8
11/04/2018,7257.1
12/04/2018,7258.3
13/04/2018,7264.6
16/04/2018,7198.2
17/04/2018,7226.1
18/04/2018,7317.3
19/04/2018,7328.9
20/04/2018,7368.2
23/04/2018,7398.9
24/04/2018,7425.4
25/04/2018,7379.3
26/04/2018,7421.4
27/04/2018,7502.2
30/04/2018,7509.3
01/05/2018,7520.4
02/05/2018,7543.2
03/05/2018,7502.7
04/05/2018,7567.1
08/05/2018,7565.8
09/05/2018,7662.5
10/05/2018,7701.0
11/05/2018,7724.6
14/05/2018,7711.0
15/05/2018,7723.0
16/05/2018,7734.2
17/05/2018,7788.0
18/05/2018,7778.8
21/05/2018,7859.2
22/05/2018,7877.5
23/05/2018,7788.4
24/05/2018,7716.7
25/05/2018,7730.3
29/05/2018,7632.6
30/05/2018,7689.6
31/05/2018,7678.2
01/06/2018,7701.8
04/06/2018,7741.3
05/06/2018,7686.8
06/06/2018,7712.4
07/06/2018,7704.4
08/06/2018,7681.1
11/06/2018,7737.4
12/06/2018,7703.8
13/06/2018,7703.7
14/06/2018,7765.8
15/06/2018,7633.9
18/06/2018,7631.3
19/06/2018,7603.9
20/06/2018,7627.4
21/06/2018,7556.4
22/06/2018,7682.3
25/06/2018,7509.8
26/06/2018,7537.9
27/06/2018,7621.7
28/06/2018,7615.6
29/06/2018,7636.9
02/07/2018,7547.9
03/07/2018,7593.3
04/07/2018,7573.1
05/07/2018,7603.2
06/07/2018,7617.7
09/07/2018,7688.0
10/07/2018,7692.0
11/07/2018,7592.0
12/07/2018,7651.3
13/07/2018,7661.9
16/07/2018,7600.5
17/07/2018,7626.3
18/07/2018,7676.3
19/07/2018,7684.0
20/07/2018,7678.8
23/07/2018,7655.8
24/07/2018,7709.1
25/07/2018,7658.3
26/07/2018,7663.2
27/07/2018,7701.3
30/07/2018,7700.9
31/07/2018,7748.8
01/08/2018,7652.9
02/08/2018,7575.9
03/08/2018,7659.1
06/08/2018,7663.8
07/08/2018,7718.5
08/08/2018,7776.7
09/08/2018,7741.8
10/08/2018,7667.0
13/08/2018,7642.5
14/08/2018,7611.6
15/08/2018,7497.9
16/08/2018,7556.4
17/08/2018,7558.6
20/08/2018,7591.3
21/08/2018,7565.7
22/08/2018,7574.2
23/08/2018,7563.2
24/08/2018,7577.5
28/08/2018,7617.2
29/08/2018,7563.2
30/08/2018,7516.0
31/08/2018,7432.4
03/09/2018,7504.6
04/09/2018,7457.9
05/09/2018,7383.3
06/09/2018,7319.0
07/09/2018,7277.7
10/09/2018,7279.3
11/09/2018,7273.5
12/09/2018,7313.4
13/09/2018,7281.6
14/09/2018,7304.0
17/09/2018,7302.1
18/09/2018,7300.2
19/09/2018,7331.1
20/09/2018,7367.3
21/09/2018,7490.2
24/09/2018,7458.4
25/09/2018,7507.6
26/09/2018,7511.5
27/09/2018,7545.4
28/09/2018,7510.2
01/10/2018,7495.7
02/10/2018,7474.6
03/10/2018,7510.3
04/10/2018,7418.3
05/10/2018,7318.5
08/10/2018,7233.3
09/10/2018,7237.6
10/10/2018,7145.7
11/10/2018,7006.9
12/10/2018,6995.9
15/10/2018,7029.2
16/10/2018,7059.4
17/10/2018,7054.6
18/10/2018,7027.0
19/10/2018,7049.8
22/10/2018,7042.8
23/10/2018,6955.2
24/10/2018,6963.0
25/10/2018,7004.1
26/10/2018,6939.6
29/10/2018,7026.3
30/10/2018,7035.9
31/10/2018,7128.1
01/11/2018,7114.7
02/11/2018,7094.1
05/11/2018,7103.8
06/11/2018,7040.7
07/11/2018,7117.3
08/11/2018,7140.7
09/11/2018,7105.3
12/11/2018,7053.1
13/11/2018,7053.8
14/11/2018,7033.8
15/11/2018,7038.0
16/11/2018,7013.9
19/11/2018,7000.9
20/11/2018,6947.9
21/11/2018,7050.2
22/11/2018,6960.3
23/11/2018,6952.9
26/11/2018,7036.0
27/11/2018,7016.9
28/11/2018,7004.5
29/11/2018,7039.0
30/11/2018,6980.2
03/12/2018,7062.4
04/12/2018,7022.8
05/12/2018,6921.8
06/12/2018,6704.1
07/12/2018,6778.1
10/12/2018,6721.5
11/12/2018,6806.9
12/12/2018,6880.2
13/12/2018,6877.5
14/12/2018,6845.2
17/12/2018,6773.2
18/12/2018,6701.6
19/12/2018,6765.9
20/12/2018,6711.9
21/12/2018,6721.2
24/12/2018,6686.0
27/12/2018,6584.7
28/12/2018,6734.0
31/12/2018,6728.1
02/01/2019,6734.2
03/01/2019,6692.7
04/01/2019,6837.4
07/01/2019,6810.9
08/01/2019,6861.6
09/01/2019,6906.6
10/01/2019,6942.9
11/01/2019,6918.2
14/01/2019,6855.0
15/01/2019,6895.0
16/01/2019,6862.7
17/01/2019,6834.9
18/01/2019,6968.3
21/01/2019,6970.6
22/01/2019,6901.4
23/01/2019,6842.9
24/01/2019,6819.0
25/01/2019,6809.2
28/01/2019,6747.1
29/01/2019,6833.9
30/01/2019,6941.6
31/01/2019,6968.9
01/02/2019,7020.2
04/02/2019,7034.1
05/02/2019,7177.4
06/02/2019,7173.1
07/02/2019,7093.6
08/02/2019,7071.2
11/02/2019,7129.1
12/02/2019,7133.1
13/02/2019,7190.8
14/02/2019,7197.0
15/02/2019,7236.7
18/02/2019,7219.5
19/02/2019,7179.2
20/02/2019,7228.6
21/02/2019,7167.4
22/02/2019,7178.6
25/02/2019,7183.7
26/02/2019,7151.1
27/02/2019,7107.2
28/02/2019,7074.7
01/03/2019,7106.7
04/03/2019,7134.4
05/03/2019,7183.4
06/03/2019,7196.0
07/03/2019,7157.6
08/03/2019,7104.3
11/03/2019,7130.6
12/03/2019,7151.2
13/03/2019,7159.2
14/03/2019,7185.4
15/03/2019,7228.3
18/03/2019,7299.2
19/03/2019,7324.0
20/03/2019,7291.0
21/03/2019,7355.3
22/03/2019,7207.6
25/03/2019,7177.6
26/03/2019,7196.3
27/03/2019,7194.2
28/03/2019,7234.3
29/03/2019,7279.2
01/04/2019,7317.4
02/04/2019,7391.1
03/04/2019,7418.3
04/04/2019,7401.9
05/04/2019,7446.9
08/04/2019,7451.9
09/04/2019,7425.6
10/04/2019,7421.9
11/04/2019,7418.0
12/04/2019,7437.1
15/04/2019,7436.9
16/04/2019,7469.9
17/04/2019,7471.3
18/04/2019,7459.9
23/04/2019,7523.1
24/04/2019,7471.8
25/04/2019,7434.1
26/04/2019,7428.2
29/04/2019,7440.7
30/04/2019,7418.2
01/05/2019,7385.3
02/05/2019,7351.3
03/05/2019,7380.6
07/05/2019,7260.5
08/05/2019,7271.0
09/05/2019,7207.4
10/05/2019,7203.3
13/05/2019,7163.7
14/05/2019,7241.6
15/05/2019,7297.0
16/05/2019,7353.5
17/05/2019,7348.6
20/05/2019,7310.9
21/05/2019,7328.9
22/05/2019,7334.2
23/05/2019,7231.0
24/05/2019,7277.7
28/05/2019,7269.0
29/05/2019,7185.3
30/05/2019,7218.2
31/05/2019,7161.7
03/06/2019,7184.8
04/06/2019,7214.3
05/06/2019,7220.2
06/06/2019,7259.9
07/06/2019,7331.9
10/06/2019,7375.5
11/06/2019,7398.5
12/06/2019,7367.6
13/06/2019,7368.6
14/06/2019,7345.8
17/06/2019,7357.3
18/06/2019,7443.0
19/06/2019,7403.5
20/06/2019,7424.4
21/06/2019,7407.5
24/06/2019,7416.7
25/06/2019,7422.4
26/06/2019,7416.4
27/06/2019,7402.3
28/06/2019,7425.6
01/07/2019,7497.5
02/07/2019,7559.2
03/07/2019,7609.3
04/07/2019,7603.6
05/07/2019,7553.1
08/07/2019,7549.3
09/07/2019,7536.5
10/07/2019,7530.7
11/07/2019,7509.8
12/07/2019,7506.0
15/07/2019,7531.7
16/07/2019,7577.2
17/07/2019,7535.5
18/07/2019,7493.1
19/07/2019,7508.7
22/07/2019,7514.9
23/07/2019,7556.9
24/07/2019,7501.5
25/07/2019,7489.1
26/07/2019,7549.1
29/07/2019,7686.6
30/07/2019,7646.8
31/07/2019,7586.8
01/08/2019,7584.9
02/08/2019,7407.1
05/08/2019,7223.9
06/08/2019,7171.7
07/08/2019,7198.7
08/08/2019,7285.9
09/08/2019,7253.9
12/08/2019,7226.7
13/08/2019,7250.9
14/08/2019,7147.9
15/08/2019,7067.0
16/08/2019,7117.2
19/08/2019,7189.7
20/08/2019,7125.0
21/08/2019,7204.0
22/08/2019,7128.2
23/08/2019,7095.0
27/08/2019,7089.6
28/08/2019,7114.7
29/08/2019,7184.3
30/08/2019,7207.2
02/09/2019,7281.9
03/09/2019,7268.2
04/09/2019,7311.3
05/09/2019,7271.2
06/09/2019,7282.3
09/09/2019,7235.8
10/09/2019,7268.0
11/09/2019,7338.0
12/09/2019,7344.7
13/09/2019,7367.5
16/09/2019,7321.4
17/09/2019,7320.4
18/09/2019,7314.1
19/09/2019,7356.4
20/09/2019,7344.9
23/09/2019,7326.1
24/09/2019,7291.4
25/09/2019,7290.0
26/09/2019,7351.1
27/09/2019,7426.2
30/09/2019,7408.2
01/10/2019,7360.3
02/10/2019,7122.5
03/10/2019,7077.6
04/10/2019,7155.4
07/10/2019,7197.9
08/10/2019,7143.2
09/10/2019,7166.5
10/10/2019,7186.4
11/10/2019,7247.1
14/10/2019,7213.5
15/10/2019,7211.6
16/10/2019,7168.0
17/10/2019,7182.3
18/10/2019,7150.6
21/10/2019,7163.6
22/10/2019,7212.5
23/10/2019,7260.7
24/10/2019,7328.3
25/10/2019,7324.5
28/10/2019,7331.3
29/10/2019,7306.3
30/10/2019,7330.8
31/10/2019,7248.4
01/11/2019,7302.4
04/11/2019,7369.7
05/11/2019,7388.1
06/11/2019,7396.7
07/11/2019,7406.4
08/11/2019,7359.4
11/11/2019,7328.5
12/11/2019,7365.4
13/11/2019,7351.2
14/11/2019,7292.8
15/11/2019,7302.9
18/11/2019,7307.7
19/11/2019,7323.8
20/11/2019,7262.5
21/11/2019,7238.6
22/11/2019,7326.8
25/11/2019,7396.3
26/11/2019,7403.1
27/11/2019,7429.8
28/11/2019,7416.4
29/11/2019,7346.5
02/12/2019,7285.9
03/12/2019,7158.8
04/12/2019,7188.5
05/12/2019,7137.9
06/12/2019,7239.7
09/12/2019,7233.9
10/12/2019,7213.8
11/12/2019,7216.3
12/12/2019,7273.5
13/12/2019,7353.4
16/12/2019,7519.1
17/12/2019,7525.3
18/12/2019,7540.8
19/12/2019,7573.8
20/12/2019,7582.5
23/12/2019,7623.6
24/12/2019,7632.2
27/12/2019,7644.9
30/12/2019,7587.1
31/12/2019,7542.4
02/01/2020,7604.3
03/01/2020,7622.4
06/01/2020,7575.3
07/01/2020,7573.9
08/01/2020,7574.9
09/01/2020,7598.1
10/01/2020,7587.9
13/01/2020,7617.6
14/01/2020,7622.4
15/01/2020,7642.8
16/01/2020,7609.8
17/01/2020,7674.6
20/01/2020,7651.4
21/01/2020,7610.7
22/01/2020,7571.9
23/01/2020,7507.7
24/01/2020,7586.0
27/01/2020,7412.1
28/01/2020,7480.7
29/01/2020,7483.6
30/01/2020,7382.0
31/01/2020,7286.0
03/02/2020,7326.3
04/02/2020,7439.8
05/02/2020,7482.5
06/02/2020,7504.8
07/02/2020,7466.7
10/02/2020,7446.9
11/02/2020,7499.4
12/02/2020,7534.4
13/02/2020,7452.0
14/02/2020,7409.1
17/02/2020,7433.3
18/02/2020,7382.0
19/02/2020,7457.0
20/02/2020,7436.6
21/02/2020,7403.9
24/02/2020,7156.8
25/02/2020,7017.9
26/02/2020,7042.5
27/02/2020,6796.4
28/02/2020,6580.6
02/03/2020,6654.9
03/03/2020,6718.2
04/03/2020,6815.6
05/03/2020,6705.4
06/03/2020,6462.6
09/03/2020,5965.8
10/03/2020,5960.2
11/03/2020,5876.5
12/03/2020,5237.5
13/03/2020,5366.1
16/03/2020,5151.1
17/03/2020,5294.9
18/03/2020,5080.6
19/03/2020,5151.6
20/03/2020,5190.8
23/03/2020,4993.9
24/03/2020,5446.0
25/03/2020,5688.2
26/03/2020,5815.7
27/03/2020,5510.3
30/03/2020,5563.7
31/03/2020,5672.0
01/04/2020,5454.6
02/04/2020,5480.2
03/04/2020,5415.5
06/04/2020,5582.4
07/04/2020,5704.5
08/04/2020,5677.7
09/04/2020,5842.7
14/04/2020,5791.3
15/04/2020,5597.7
16/04/2020,5628.4
17/04/2020,5787.0
20/04/2020,5812.8
21/04/2020,5641.0
22/04/2020,5770.6
23/04/2020,5826.6
24/04/2020,5752.2
27/04/2020,5846.8
28/04/2020,5958.5
29/04/2020,6115.3
30/04/2020,5901.2
01/05/2020,5763.1
04/05/2020,5753.8
05/05/2020,5849.4
06/05/2020,5853.8
07/05/2020,5936.0
11/05/2020,5939.7
12/05/2020,5994.8
13/05/2020,5904.1
14/05/2020,5741.5
15/05/2020,5799.8
18/05/2020,6048.6
19/05/2020,6002.2
20/05/2020,6067.2
21/05/2020,6015.3
22/05/2020,5993.3
26/05/2020,6067.8
27/05/2020,6144.3
28/05/2020,6218.8
29/05/2020,6076.6
01/06/2020,6166.4
02/06/2020,6220.1
03/06/2020,6382.4
04/06/2020,6341.4
05/06/2020,6484.3
08/06/2020,6472.6
09/06/2020,6335.7
10/06/2020,6329.1
11/06/2020,6076.7
12/06/2020,6105.2
15/06/2020,6064.7
16/06/2020,6242.8
17/06/2020,6253.3
18/06/2020,6224.1
19/06/2020,6292.6
22/06/2020,6244.6
23/06/2020,6320.1
24/06/2020,6123.7
25/06/2020,6147.1
26/06/2020,6159.3
29/06/2020,6225.8
30/06/2020,6169.7
01/07/2020,6158.0
02/07/2020,6240.4
03/07/2020,6157.3
06/07/2020,6285.9
07/07/2020,6189.9
08/07/2020,6156.2
09/07/2020,6049.6
10/07/2020,6095.4
13/07/2020,6176.2
14/07/2020,6179.8
15/07/2020,6292.7
16/07/2020,6250.7
17/07/2020,6290.3
20/07/2020,6261.5
21/07/2020,6269.7
22/07/2020,6207.1
23/07/2020,6211.4
24/07/2020,6123.8
27/07/2020,6104.9
28/07/2020,6129.3
29/07/2020,6131.5
30/07/2020,5990.0
31/07/2020,5897.8
03/08/2020,6032.9
04/08/2020,6036.0
05/08/2020,6104.7
06/08/2020,6026.9
07/08/2020,6032.2
10/08/2020,6050.6
11/08/2020,6154.3
12/08/2020,6280.1
13/08/2020,6185.6
14/08/2020,6090.0
17/08/2020,6127.4
18/08/2020,6076.6
19/08/2020,6112.0
20/08/2020,6013.3
21/08/2020,6001.9
24/08/2020,6104.7
25/08/2020,6037.0
26/08/2020,6045.6
27/08/2020,6000.0
28/08/2020,5963.6
01/09/2020,5862.1
02/09/2020,5941.0
03/09/2020,5850.9
04/09/2020,5799.1
07/09/2020,5937.4
08/09/2020,5930.3
09/09/2020,6012.8
10/09/2020,6003.3
11/09/2020,6032.1
14/09/2020,6026.3
15/09/2020,6105.5
16/09/2020,6078.5
17/09/2020,6049.9
18/09/2020,6007.1
21/09/2020,5804.3
22/09/2020,5829.5
23/09/2020,5899.3
24/09/2020,5822.8
25/09/2020,5842.7
28/09/2020,5927.9
29/09/2020,5897.5
30/09/2020,5866.1
01/10/2020,5879.5
02/10/2020,5902.1
05/10/2020,5942.9
06/10/2020,5949.9
07/10/2020,5946.3
08/10/2020,5978.0
09/10/2020,6016.7
12/10/2020,6001.4
13/10/2020,5969.7
14/10/2020,5935.1
15/10/2020,5832.5
16/10/2020,5919.6
19/10/2020,5884.7
20/10/2020,5889.2
21/10/2020,5776.5
22/10/2020,5785.7
23/10/2020,5860.3
26/10/2020,5792.0
27/10/2020,5729.0
28/10/2020,5582.8
29/10/2020,5581.8
30/10/2020,5577.3
02/11/2020,5655.0
03/11/2020,5786.8
04/11/2020,5883.3
05/11/2020,5906.2
06/11/2020,5910.0
09/11/2020,6186.3
10/11/2020,6296.9
11/11/2020,6382.1
12/11/2020,6338.9
13/11/2020,6316.4
16/11/2020,6421.3
17/11/2020,6365.3
18/11/2020,6385.2
19/11/2020,6334.4
20/11/2020,6351.5
23/11/2020,6333.8
24/11/2020,6432.2
25/11/2020,6391.1
26/11/2020,6362.9
27/11/2020,6367.6
30/11/2020,6266.2
01/12/2020,6384.7
02/12/2020,6463.4
03/12/2020,6490.3
04/12/2020,6550.2
07/12/2020,6555.4
08/12/2020,6558.8
09/12/2020,6564.3
10/12/2020,6599.8
11/12/2020,6546.8
14/12/2020,6531.8
15/12/2020,6513.3
16/12/2020,6570.9
17/12/2020,6551.1
18/12/2020,6529.2
21/12/2020,6416.3
22/12/2020,6453.2
23/12/2020,6495.8
24/12/2020,6502.1
29/12/2020,6602.7
30/12/2020,6555.8
31/12/2020,6460.5
04/01/2021,6571.9
05/01/2021,6612.3
06/01/2021,6841.9
07/01/2021,6857.0
08/01/2021,6873.3
11/01/2021,6798.5
12/01/2021,6754.1
13/01/2021,6745.5
14/01/2021,6802.0
15/01/2021,6735.7
18/01/2021,6720.7
19/01/2021,6713.0
20/01/2021,6740.4
21/01/2021,6715.4
22/01/2021,6695.1
25/01/2021,6638.9
26/01/2021,6654.0
27/01/2021,6567.4
28/01/2021,6526.2
29/01/2021,6407.5
01/02/2021,6466.4
02/02/2021,6516.7
03/02/2021,6507.8
04/02/2021,6503.7
05/02/2021,6489.3
08/02/2021,6523.5
09/02/2021,6531.6
10/02/2021,6524.4
11/02/2021,6528.7
12/02/2021,6589.8
15/02/2021,6756.1
16/02/2021,6748.9
17/02/2021,6710.9
18/02/2021,6617.2
19/02/2021,6624.0
22/02/2021,6612.2
23/02/2021,6625.9
24/02/2021,6659.0
25/02/2021,6652.0
26/02/2021,6483.4
01/03/2021,6588.5
02/03/2021,6613.8
03/03/2021,6675.5
04/03/2021,6650.9
05/03/2021,6630.5
08/03/2021,6719.1
09/03/2021,6730.3
10/03/2021,6725.6
11/03/2021,6737.0
12/03/2021,6761.5
15/03/2021,6749.7
16/03/2021,6803.6
17/03/2021,6762.7
18/03/2021,6779.7
19/03/2021,6708.7
22/03/2021,6726.1
23/03/2021,6699.2
24/03/2021,6712.9
25/03/2021,6674.8
26/03/2021,6740.6
29/03/2021,6736.2
30/03/2021,6772.1
31/03/2021,6713.6
01/04/2021,6737.3
06/04/2021,6823.6
07/04/2021,6885.3
08/04/2021,6942.2
09/04/2021,6915.8
12/04/2021,6889.1
13/04/2021,6890.5
14/04/2021,6939.6
15/04/2021,6983.5
16/04/2021,7019.5
19/04/2021,7000.1
20/04/2021,6859.9
21/04/2021,6895.3
22/04/2021,6938.2
23/04/2021,6938.6
26/04/2021,6963.1
27/04/2021,6945.0
28/04/2021,6963.7
29/04/2021,6961.5
30/04/2021,6969.8
04/05/2021,6923.2
05/05/2021,7039.3
06/05/2021,7076.2
07/05/2021,7129.7
10/05/2021,7123.7
11/05/2021,6948.0
12/05/2021,7004.6
13/05/2021,6963.3
14/05/2021,7043.6
17/05/2021,7032.9
18/05/2021,7034.2
19/05/2021,6950.2
20/05/2021,7019.8
21/05/2021,7018.1
24/05/2021,7051.6
25/05/2021,7029.8
26/05/2021,7026.9
27/05/2021,7019.7
28/05/2021,7022.6
01/06/2021,7080.5
02/06/2021,7108.0
03/06/2021,7064.4
04/06/2021,7069.0
07/06/2021,7077.2
08/06/2021,7095.1
09/06/2021,7081.0
10/06/2021,7088.2
11/06/2021,7134.1
14/06/2021,7146.7
15/06/2021,7172.5
16/06/2021,7185.0
17/06/2021,7153.4
18/06/2021,7017.5
21/06/2021,7062.3
22/06/2021,7090.0
23/06/2021,7074.1
24/06/2021,7110.0
25/06/2021,7136.1
28/06/2021,7073.0
29/06/2021,7087.6
30/06/2021,7037.5
01/07/2021,7125.2
02/07/2021,7123.3
05/07/2021,7164.9
06/07/2021,7100.9
07/07/2021,7151.0
08/07/2021,7030.7
09/07/2021,7121.9
12/07/2021,7125.4
13/07/2021,7124.7
14/07/2021,7091.2
15/07/2021,7012.0
16/07/2021,7008.1
19/07/2021,6844.4
20/07/2021,6881.1
21/07/2021,6998.3
22/07/2021,6968.3
23/07/2021,7027.6
26/07/2021,7025.4
27/07/2021,6996.1
28/07/2021,7016.6
29/07/2021,7078.4
30/07/2021,7032.3
02/08/2021,7081.7
03/08/2021,7105.7
04/08/2021,7123.9
05/08/2021,7120.4
06/08/2021,7123.0
09/08/2021,7132.3
10/08/2021,7161.0
11/08/2021,7220.1
12/08/2021,7193.2
13/08/2021,7218.7
16/08/2021,7154.0
17/08/2021,7181.1
18/08/2021,7169.3
19/08/2021,7058.9
20/08/2021,7087.9
23/08/2021,7109.0
24/08/2021,7125.8
25/08/2021,7150.1
26/08/2021,7125.0
27/08/2021,7148.0
31/08/2021,7119.7
01/09/2021,7149.8
02/09/2021,7163.9
03/09/2021,7138.4
06/09/2021,7187.2
07/09/2021,7149.4
08/09/2021,7095.5
09/09/2021,7024.2
10/09/2021,7029.2
13/09/2021,7068.4
14/09/2021,7034.1
15/09/2021,7016.5
16/09/2021,7027.5
17/09/2021,6963.6
20/09/2021,6903.9
21/09/2021,6981.0
22/09/2021,7083.4
23/09/2021,7078.4
24/09/2021,7051.5
27/09/2021,7063.4
28/09/2021,7028.1
29/09/2021,7108.2
30/09/2021,7086.4
01/10/2021,7027.1
04/10/2021,7011.0
05/10/2021,7077.1
06/10/2021,6995.9
07/10/2021,7078.0
08/10/2021,7095.6
11/10/2021,7146.9
12/10/2021,7130.2
13/10/2021,7141.8
14/10/2021,7207.7
15/10/2021,7234.0
18/10/2021,7203.8
19/10/2021,7217.5
20/10/2021,7223.1
21/10/2021,7190.3
22/10/2021,7204.6
25/10/2021,7222.8
26/10/2021,7277.6
27/10/2021,7253.3
28/10/2021,7249.5
29/10/2021,7237.6
01/11/2021,7288.6
02/11/2021,7274.8
03/11/2021,7248.9
04/11/2021,7279.9
05/11/2021,7304.0
08/11/2021,7300.4
09/11/2021,7274.0
10/11/2021,7340.2
11/11/2021,7384.2
12/11/2021,7347.9
15/11/2021,7351.9
16/11/2021,7327.0
17/11/2021,7291.2
18/11/2021,7256.0
19/11/2021,7223.6
22/11/2021,7255.5
23/11/2021,7266.7
24/11/2021,7286.3
25/11/2021,7310.4
26/11/2021,7044.0
29/11/2021,7110.0
30/11/2021,7059.5
01/12/2021,7168.7
02/12/2021,7129.2
03/12/2021,7122.3
06/12/2021,7232.3
07/12/2021,7339.9
08/12/2021,7337.4
09/12/2021,7321.3
10/12/2021,7291.8
13/12/2021,7231.4
14/12/2021,7218.6
15/12/2021,7170.8
16/12/2021,7260.6
17/12/2021,7269.9
20/12/2021,7198.0
21/12/2021,7297.4
22/12/2021,7341.7
23/12/2021,7373.3
24/12/2021,7372.1
29/12/2021,7420.7
30/12/2021,7403.0
31/12/2021,7384.5