URN,name,type,borough,postcode,gender,admissions,entries,published VA,SE,estimate,lo 89%,hi 89%,P(top fifth in London),P(top fifth in England),P(above London median),expected from GCSE
103097,Heathcote School & Science College,Local authority maintained schools,Waltham Forest,E4 6ES,Mixed,Non-selective,35.0,1.2,0.1709183673469388,1.0120664398876134,0.7914311614192969,1.2388908442212514,1.0,1.0,1.0,0.06759559933851693
138518,Ark Isaac Newton Academy,Academies,Redbridge,IG1 1FY,Mixed,Non-selective,28.0,0.91,0.19387755102040818,0.7615453069877742,0.49822032304406005,1.012734701189801,0.99625,0.99875,1.0,0.15673978248434484
143659,"City of London Academy, Highgate Hill",Free Schools,Islington,N19 3EU,Mixed,Non-selective,11.0,1.19,0.3086734693877551,0.7550240555175047,0.38235808854212155,1.1187105330357419,0.975,0.9825,0.99875,0.04236986914250332
138461,Waldegrave School,Academies,Richmond upon Thames,TW2 5LH,Mixed,Non-selective,57.0,0.82,0.13520408163265307,0.7480951800091096,0.5658279384515862,0.9410670033907513,1.0,1.0,1.0,0.22829897507512834
136669,Brampton Manor Academy,Academies,Newham,E6 3SQ,Mixed,Non-selective,89.0,0.81,0.10714285714285715,0.7353225944773562,0.5866903149839094,0.8904569234649657,1.0,1.0,1.0,0.10257252084320244
136631,Swakeleys School for Girls,Academies,Hillingdon,UB10 0EJ,Girls,Non-selective,45.0,0.75,0.15306122448979595,0.6378377901100853,0.4239004614010805,0.8498185151914152,0.99875,0.99875,1.0,0.1644304770251772
101846,Old Palace of John Whitgift School,Independent schools,Croydon,CR0 1AX,Girls,Selective,15.0,1.0,0.2627551020408163,0.6272884394753833,0.32938452986185945,0.9280543720645631,0.965,0.97375,1.0,
138609,Queens Park Community School,Academies,Brent,NW6 7BQ,Mixed,Non-selective,15.0,0.92,0.26275510204081626,0.5902098855311887,0.2721971472898628,0.9143897842634092,0.935,0.94625,0.99875,0.03572771549866469
145860,Harris Academy Wimbledon,Free Schools,Merton,SW19 2JY,Mixed,Non-selective,15.0,1.13,0.26275510204081626,0.5836312809702915,0.29522757091905466,0.8752105103253993,0.94125,0.965,0.99875,0.12198709000183985
132256,Highlands School,Local authority maintained schools,Enfield,N21 1QQ,Mixed,Non-selective,44.0,0.69,0.15306122448979592,0.5766528852814987,0.3716070453248321,0.7795308387035484,0.98625,0.9875,1.0,0.05864763710557819
137221,Drayton Manor High School,Academies,Ealing,W7 1EU,Mixed,Non-selective,40.0,0.64,0.16326530612244897,0.5553126770372916,0.3315253017788269,0.782822070308724,0.97375,0.98375,1.0,0.05009169486571105
137018,Kneller Hall School,Independent schools,Richmond upon Thames,TW1 4QG,Mixed,Selective,12.0,0.42,0.2933673469387755,0.5369201239143362,0.24420491728062016,0.831405080006908,0.905,0.9325,0.99625,
142178,The Charter School East Dulwich,Free Schools,Southwark,SE22 8EY,Mixed,Non-selective,41.0,0.61,0.16071428571428575,0.5340441483416889,0.3175048987698079,0.7440336074937608,0.96875,0.9825,1.0,0.03051900312828363
134226,Harris Lowe Academy Willesden,Academies,Brent,NW10 3ST,Mixed,Non-selective,15.0,0.83,0.2627551020408163,0.5255724829034899,0.2110306809147513,0.8448001522447864,0.8875,0.91,0.99625,0.003935712393641332
141963,Turing House School,Free Schools,Richmond upon Thames,TW2 6LH,Mixed,Non-selective,24.0,0.67,0.2091836734693878,0.5168647499628704,0.24828605207060175,0.7885171822688269,0.91,0.9325,1.0,0.07796400510465523
100511,Queen's Gate School,Independent schools,Kensington and Chelsea,SW7 5LE,Girls,Not applicable,13.0,0.6,0.2831632653061224,0.5145619271389154,0.17416702531452044,0.839575627979413,0.86125,0.87875,0.9925,
101939,Brentside High School,Local authority maintained schools,Ealing,W7 1JJ,Mixed,Non-selective,30.0,0.62,0.18622448979591838,0.5111980896931919,0.25909772835422357,0.7438140809344048,0.92625,0.94375,0.9975,-0.00489375823442439
137204,Hatch End High School,Academies,Harrow,HA3 6NR,Mixed,Non-selective,15.0,0.69,0.2627551020408163,0.4885054677339623,0.1979498974294822,0.7733848613520652,0.865,0.88875,0.995,-0.00861355173938161
140962,Goresbrook School,Free Schools,Barking and Dagenham,RM9 6XW,Mixed,,21.0,0.73,0.22193877551020402,0.4884547950354032,0.21611296844747938,0.7661629120958592,0.87,0.9025,0.99875,0.21488850374369536
101367,Mill Hill Schools,Independent schools,Barnet,NW7 1QS,Mixed,Not applicable,43.0,0.5,0.15561224489795922,0.48290411267093075,0.267127318306248,0.6851419136523814,0.925,0.95,1.0,
136789,Wallington High School for Girls,Academies,Sutton,SM6 0PH,Girls,Selective,57.0,0.59,0.13520408163265307,0.48277591104071615,0.290899873271072,0.675931698708461,0.9475,0.9625,1.0,0.1976499797691514
136309,Kingsdale Foundation School,Academies,Southwark,SE21 8SQ,Mixed,Non-selective,38.0,0.51,0.16581632653061223,0.4779004103275508,0.24391388481098422,0.7122447235185215,0.91,0.9325,0.99875,0.15239785227686362
139659,Oasis Academy South Bank,Free Schools,Lambeth,SE1 7HS,Mixed,Non-selective,28.0,0.55,0.1913265306122449,0.4719918590251783,0.2303126926449106,0.7299320900324799,0.8875,0.90625,0.9975,0.1583102501091078
135958,Oasis Academy Hadley,Academies,Enfield,EN3 4PX,Mixed,Non-selective,13.0,0.89,0.2831632653061224,0.4683336563594358,0.13767291355288577,0.7959739863625074,0.8075,0.84,0.985,0.07395638341360097
136172,Hammersmith Academy,Academies,Hammersmith and Fulham,W12 9JD,Mixed,Non-selective,27.0,0.79,0.19897959183673464,0.4622723795423033,0.2055476572795012,0.722301046932061,0.8475,0.8875,0.99875,0.07776299898142126
102851,Wanstead High School,Local authority maintained schools,Redbridge,E11 2JZ,Mixed,Non-selective,23.0,0.59,0.21428571428571425,0.4567397950170436,0.18825919098694222,0.730704690260428,0.83125,0.86875,0.99625,0.11107017284743102
136028,Dagenham Park CofE School,Local authority maintained schools,Barking and Dagenham,RM10 9QH,Mixed,Non-selective,33.0,0.59,0.17857142857142858,0.4488757084678362,0.20730133120979677,0.6950096785984511,0.8525,0.88625,0.99875,0.02997994609580932
133561,Jo Richardson Community School,Local authority maintained schools,Barking and Dagenham,RM9 4UN,Mixed,Non-selective,49.0,0.54,0.14540816326530612,0.44881580939725785,0.25048921188470535,0.6401787168079385,0.89625,0.92625,0.99875,0.1087923290527557
101369,The King Alfred School,Independent schools,Barnet,NW11 7HY,Mixed,Non-selective,10.0,0.7,0.3239795918367347,0.4429355520594913,0.11778150700130635,0.7817342435239695,0.77,0.81,0.97875,
139362,St Thomas More Catholic School,Academies,Haringey,N22 5HN,Mixed,Non-selective,16.0,0.54,0.25510204081632654,0.4410408535972551,0.14979980492598077,0.744096012784683,0.80875,0.835,0.99125,0.10859918326706537
138610,Alperton Community School,Academies,Brent,HA0 4JE,Mixed,Non-selective,34.0,0.51,0.1760204081632653,0.4357625405929738,0.20495574569265781,0.6750963984697184,0.83125,0.8725,0.99625,0.15410953905094676
143082,Bishop Douglass School Finchley,Academies,Barnet,N2 0SQ,Mixed,Non-selective,15.0,0.53,0.2653061224489796,0.4300190884000581,0.14460062004147003,0.7274205887938875,0.765,0.8025,0.9875,0.08371304028692815
133724,JFS,Local authority maintained schools,Brent,HA3 9TE,Mixed,Non-selective,66.0,0.44,0.12499999999999997,0.42838222080760024,0.23923727037339548,0.606299847256794,0.8825,0.91125,1.0,0.2067168250319032
136540,Orion Ravensbourne,Academies,Bromley,BR2 9EH,Mixed,Non-selective,32.0,0.64,0.18112244897959184,0.4220854603988187,0.19198615529676907,0.6624169845289705,0.8025,0.84875,0.9975,0.03519036178924697
136298,The Charter School North Dulwich,Academies,Southwark,SE24 9JH,Mixed,Non-selective,57.0,0.45,0.13520408163265307,0.42051470441716066,0.22494285360034214,0.618216193379556,0.8625,0.8975,0.99875,0.14218660310672385
138607,Lady Margaret School,Academies,Hammersmith and Fulham,SW6 4UN,Girls,Non-selective,25.0,0.53,0.2066326530612245,0.4195846209809687,0.17470189944653206,0.666636819048441,0.78875,0.825,0.99375,0.11678906217583666
137075,Park High School,Academies,Harrow,HA7 1PL,Mixed,Non-selective,33.0,0.48,0.1760204081632653,0.4100799725752857,0.182048924352076,0.6444027989617379,0.79,0.835,0.99875,0.027694413560913445
100972,Oaklands School,Local authority maintained schools,Tower Hamlets,E2 6PR,Mixed,Non-selective,13.0,0.88,0.2831632653061224,0.40450718859677454,0.09297877153890928,0.7357723970582769,0.7,0.74125,0.97875,0.04418737674836331
150606,Bishop Challoner Catholic School,Academies,Tower Hamlets,E1 0LB,Mixed,Non-selective,19.0,0.59,0.23469387755102042,0.39189720149165724,0.10821252131440162,0.662873510082468,0.715,0.765,0.98625,
137531,Alexandra Park School,Academies,Haringey,N11 2AZ,Mixed,Non-selective,61.0,0.48,0.13010204081632654,0.39099190531485123,0.19390789504544811,0.5888821689074035,0.795,0.845,0.99875,0.11799017091498237
100757,Sydenham & Dulwich Girls GDST,Independent schools,Lewisham,SE26 6BL,Girls,Selective,8.0,0.51,0.3622448979591837,0.3831081230485458,0.039092517749839746,0.7255155296473362,0.6575,0.7025,0.95125,
131062,The Excelsior Academy,Academies,Hackney,E8 2EY,Mixed,Non-selective,6.0,0.67,0.41581632653061223,0.38109717806573107,-0.004495535969466672,0.7813493471802604,0.64875,0.67875,0.9325,0.120215177600149
103119,St Mary's and St John's CofE School,Local authority maintained schools,Barnet,NW4 4QR,Mixed,Non-selective,20.0,0.56,0.2270408163265306,0.3788247266995067,0.0836253048401028,0.67941674514978,0.67625,0.7225,0.9775,0.09868814129109241
137539,Hasmonean High School for Boys,Academies,Barnet,NW4 1NA,Boys,Non-selective,15.0,0.57,0.2653061224489796,0.3630389106968238,0.058025905727684166,0.6862338722752971,0.6325,0.6825,0.96375,0.03025561041434404
101072,Putney High School GDST,Independent schools,Wandsworth,SW15 6BH,Girls,Not applicable,17.0,0.41,0.24744897959183673,0.3606899673962525,0.08547359127661575,0.6539878572917234,0.65625,0.70375,0.9725,
102453,St Helen's School,Independent schools,Hillingdon,HA6 3AS,Girls,Selective,23.0,0.49,0.21173469387755103,0.3557863229447932,0.09503595053449469,0.6245945303221182,0.64125,0.69625,0.985,
136418,The Compton School,Academies,Barnet,N12 0QG,Mixed,Non-selective,22.0,0.37999999999999995,0.21683673469387757,0.3479281923242169,0.0713212342401511,0.627388113914352,0.62625,0.67,0.9675,0.13284621809479877
144753,London Academy of Excellence Tottenham,Free Schools,Haringey,N17 0BX,Mixed,Not applicable,102.0,0.35,0.10204081632653061,0.3477565488071136,0.18589500858920058,0.5035994342954446,0.73375,0.8075,0.99875,
137844,Barnhill Community High School,Academies,Hillingdon,UB4 9LE,Mixed,Non-selective,34.0,0.45,0.17346938775510207,0.3423337978196807,0.10494043483636128,0.5652518059678433,0.64125,0.69375,0.98875,0.09523347183565961
133405,Oaks Park High School,Local authority maintained schools,Redbridge,IG2 7PQ,Mixed,Non-selective,45.0,0.36,0.15306122448979595,0.34056903881224854,0.13519861511687442,0.5550081598740167,0.65125,0.70625,0.99125,0.058683686996312934
100049,Haverstock School,Local authority maintained schools,Camden,NW3 2BQ,Mixed,Non-selective,15.0,0.56,0.2653061224489796,0.33718209070584676,0.03908572395824396,0.6368092408826752,0.6025,0.66625,0.95,-0.005546940345066812
149347,Coloma Convent Girls' School,Academies,Croydon,CR9 5AS,Girls,Non-selective,35.0,0.48000000000000004,0.17346938775510204,0.3322933871570443,0.0863811201323116,0.5640726802855812,0.6025,0.67,0.98125,0.1406658138913961
135747,JCoSS,Local authority maintained schools,Barnet,EN4 9GE,Mixed,Non-selective,32.0,0.36,0.18112244897959184,0.33127561388060317,0.09840760113948309,0.5697342090207389,0.62,0.675,0.9875,0.2120121034488347
100965,Bow School,Local authority maintained schools,Tower Hamlets,E3 3QW,Mixed,Non-selective,8.0,0.19,0.3622448979591837,0.32751357685297916,-0.03292820286528207,0.6767111587103007,0.57,0.61125,0.915,-0.06546489677969729
147538,Oaks Park High School,Academies,Sutton,SM5 4NS,Mixed,Non-selective,7.0,0.62,0.385204081632653,0.3263965854269596,-0.07894146873342092,0.7322441267185578,0.55375,0.59625,0.905,-0.05085340323599429
130446,"HRUC (Harrow, Richmond & Uxbridge Colleges)",Colleges,Hillingdon,UB8 1NQ,Mixed,Not applicable,56.0,0.38,0.13520408163265307,0.32038910420066186,0.13261319689261236,0.5114980810754038,0.5725,0.65875,0.9975,
101941,The Ellen Wilkinson School for Girls,Local authority maintained schools,Ealing,W3 0HW,Girls,Non-selective,37.0,0.32,0.16836734693877553,0.32030359610113734,0.09823033436423462,0.5389609480766665,0.5975,0.65125,0.985,0.25120500932168266
137558,Highams Park School,Academies,Waltham Forest,E4 9PJ,Mixed,Non-selective,21.0,0.41,0.22448979591836735,0.31761136081732055,0.026914261809007488,0.6004033280847829,0.55875,0.61,0.95625,-0.0067007794905222665
100076,South Hampstead High School GDST,Independent schools,Camden,NW3 5SS,Girls,Selective,19.0,0.46,0.23469387755102042,0.31582758647846065,0.04814497714887013,0.5920304723233647,0.55,0.61,0.96,
102692,Wimbledon High School GDST,Independent schools,Merton,SW19 4AB,Girls,Selective,12.0,0.4000000000000001,0.2933673469387755,0.3114852504150768,0.021043073247116028,0.6062716360343369,0.54,0.59125,0.945,
136341,Lampton Academy,Academies,Hounslow,TW3 4EP,Mixed,Non-selective,46.0,0.36,0.15051020408163268,0.3089856497897221,0.10281150422030981,0.5119480287653587,0.5725,0.64375,0.99125,0.04172354756301214
137848,Coombe Girls' School,Academies,Kingston upon Thames,KT3 3TU,Girls,Non-selective,51.0,0.45,0.14285714285714285,0.30871735033298286,0.09545048145624607,0.5118411899658436,0.555,0.625,0.985,0.14259082848608537
145313,Bacon's College,Academies,Southwark,SE16 6AT,Mixed,Non-selective,12.0,0.77,0.29336734693877553,0.30855619729009126,0.009418991297344189,0.6196932616706633,0.535,0.58875,0.94,0.0614995136983209
137423,Chislehurst and Sidcup Grammar School,Academies,Bexley,DA15 9AG,Mixed,Selective,83.0,0.39000000000000007,0.11224489795918366,0.30485697983524246,0.14013568307355248,0.46085223144845305,0.54375,0.62625,1.0,0.07421089745619744
100754,St Dunstan's College,Independent schools,Lewisham,SE6 4TY,Mixed,Selective,11.0,0.26,0.3086734693877551,0.3047798931029205,-0.0037584424467628375,0.6233715298893894,0.53125,0.56625,0.93375,
102619,Kingston Grammar School,Independent schools,Kingston upon Thames,KT2 6PY,Mixed,Selective,30.0,0.35,0.18622448979591838,0.29857721432374257,0.05145629609092996,0.5261642378785829,0.53,0.58625,0.96875,
136799,Carshalton Boys Sports College,Academies,Sutton,SM5 1RW,Boys,Non-selective,29.0,0.37,0.18877551020408162,0.29840129219068723,0.04766318793530954,0.5454532477102131,0.52,0.5775,0.96,-0.01984135041440309
101692,Bromley High School GDST,Independent schools,Bromley,BR1 2TW,Girls,Not applicable,24.0,0.36000000000000004,0.2066326530612245,0.29607743827060984,0.0502158354897257,0.5523839541854131,0.51,0.5825,0.96125,
138326,The Frances Bardsley Academy for Girls,Academies,Havering,RM1 2RR,Girls,Non-selective,51.0,0.37,0.14285714285714288,0.2919275734783425,0.10744199811495046,0.4840744597776003,0.50625,0.57875,0.98875,0.12361785114055099
100974,George Green's School,Local authority maintained schools,Tower Hamlets,E14 3DW,Mixed,Non-selective,16.0,0.11,0.25510204081632654,0.28991035815432853,0.0016982605603397972,0.5733508707821867,0.50625,0.54625,0.92875,0.031349853224283734
136147,Lift Aylward,Academies,Enfield,N18 1NB,Mixed,Non-selective,22.0,0.32,0.21683673469387754,0.2847039561568381,0.030950831366660714,0.5806124032372116,0.47875,0.52875,0.9525,-0.045520103275257726
143759,Harris Rainham Sixth Form,Free Schools,Havering,RM13 9XA,Mixed,,28.0,0.11,0.1913265306122449,0.2822184964324921,0.03930671207826339,0.5180332668172078,0.50375,0.5525,0.955,
139815,Ark John Keats Academy,Free Schools,Enfield,EN3 5PA,Mixed,Non-selective,15.0,0.17,0.2653061224489796,0.2766799716802106,-0.03721752735193598,0.5819589991417856,0.4875,0.53,0.905,0.052589091697964455
100540,Mander Portman Woodward School,Independent schools,Kensington and Chelsea,SW7 5AB,Mixed,Non-selective,25.0,0.39,0.20408163265306123,0.2738001207285855,0.019353843881998175,0.5240934589991035,0.465,0.515,0.9525,
140212,Kensington Aldridge Academy,Academies,Kensington and Chelsea,W10 6EX,Mixed,Non-selective,27.0,0.29,0.19642857142857142,0.2696597078640688,0.023627620441698416,0.5074581266663274,0.44,0.49625,0.94625,0.038770333575467726
148555,Harris Clapham Sixth Form,Free Schools,Lambeth,SW4 8DX,Mixed,Non-selective,44.0,0.37999999999999995,0.15306122448979595,0.26889151700784814,0.06823096326301793,0.4682644153571374,0.45125,0.51875,0.97875,
102857,Valentines High School,Local authority maintained schools,Redbridge,IG2 6HX,Mixed,Non-selective,46.0,0.35,0.15051020408163268,0.26813508399493946,0.07304731463933352,0.4636351958406238,0.4325,0.5125,0.97125,0.14489963504637784
102786,St Angela's Ursuline School,Local authority maintained schools,Newham,E7 8HU,Girls,Non-selective,71.0,0.3,0.12244897959183675,0.26709888371436624,0.07986660315767237,0.43932325217864415,0.41375,0.5025,0.98375,0.13752565959394303
102611,Surbiton High School,Independent schools,Kingston upon Thames,KT1 2JT,Mixed,Selective,22.0,0.39,0.21938775510204078,0.26501824660172596,0.01485394187581982,0.5180194545890148,0.4425,0.50625,0.94375,
103022,Sutton High School GDST,Independent schools,Sutton,SM1 2AX,Girls,Not applicable,11.0,0.13,0.30612244897959184,0.2644438260757399,-0.05706199846070847,0.5771162059456219,0.44375,0.4925,0.89375,
136883,Chestnut Grove Academy,Academies,Wandsworth,SW12 8JZ,Mixed,Non-selective,29.0,0.29,0.18877551020408162,0.2602249027748982,-0.001543454366506846,0.5287055308837683,0.4325,0.48625,0.92625,0.1680669521002146
100537,Ashbourne College,Independent schools,Kensington and Chelsea,W8 4PL,Mixed,Non-selective,21.0,0.22,0.22448979591836735,0.2587879430718795,-0.010767884347470539,0.51341527063737,0.42,0.4875,0.92625,
101947,St Benedict's School,Independent schools,Ealing,W5 2ES,Mixed,Selective,14.0,0.28,0.2729591836734694,0.25149446755346355,-0.0391836639564132,0.5372522885488261,0.40375,0.46125,0.90125,
101158,Francis Holland School,Independent schools,Westminster,NW1 6XR,Girls,Not applicable,24.0,0.32,0.20663265306122447,0.24905692921856648,-0.005480266708034395,0.5075515515033735,0.3925,0.4525,0.93,
100053,Acland Burghley School,Local authority maintained schools,Camden,NW5 1UJ,Mixed,Non-selective,19.0,0.49000000000000005,0.2346938775510204,0.2478175422612385,-0.029457475203781433,0.5264666992609673,0.405,0.4525,0.90125,-0.029047767812448586
137177,Harrow High School,Academies,Harrow,HA1 2JG,Mixed,Non-selective,13.0,0.26,0.2831632653061224,0.24305696663962187,-0.08444412673196593,0.553200373908728,0.4175,0.45875,0.87875,0.08303022828984435
135584,Ark Globe Academy,Academies,Southwark,SE1 6AG,Mixed,Non-selective,9.0,0.26,0.3418367346938776,0.2424885106346345,-0.08944236088228213,0.5629993798041876,0.405,0.4525,0.85875,0.03293618825698532
102932,Lady Eleanor Holles School,Independent schools,Richmond upon Thames,TW12 3HF,Girls,Not applicable,34.0,0.33,0.17602040816326534,0.24229761052230742,0.007390934925242487,0.4785505281979387,0.375,0.435,0.93375,
100625,Lilian Baylis Technology School,Local authority maintained schools,Lambeth,SE11 5QY,Mixed,Non-selective,17.0,0.54,0.25,0.24208185582408034,-0.04795095105872525,0.5585407855469834,0.39375,0.44625,0.89,-0.012404881324677564
101842,Trinity School,Independent schools,Croydon,CR9 7AT,Mixed,Not applicable,25.0,0.28,0.20408163265306123,0.2379582357023804,-0.01839434489888652,0.47858408880456527,0.37375,0.42375,0.92375,
103013,St Philomena's Catholic High School for Girls,Local authority maintained schools,Sutton,SM5 3PS,Girls,Non-selective,28.0,0.18,0.1913265306122449,0.23583646713215511,-0.0052869778901694945,0.47935067913502705,0.37,0.4175,0.91375,0.1106052258486292
138227,Avanti House School,Free Schools,Harrow,HA7 2EQ,Mixed,Non-selective,52.0,0.23,0.1403061224489796,0.23366575637520534,0.029185455389755085,0.4409049062447045,0.315,0.38625,0.94875,0.14556664384100307
102673,Ricards Lodge High School,Local authority maintained schools,Merton,SW19 7HB,Girls,Non-selective,27.0,0.35,0.19642857142857142,0.23322506548773028,-0.04600943420938656,0.4988171933068288,0.37125,0.42875,0.895,0.19432828217635412
138685,Copthall School,Academies,Barnet,NW7 2EP,Girls,Non-selective,18.0,0.31,0.24234693877551022,0.22924665929167612,-0.0640831038835198,0.5353962722718155,0.3775,0.425,0.865,0.0851626813182299
135835,"The City Academy, Hackney",Academies,Hackney,E9 6EA,Mixed,Non-selective,24.0,0.22,0.2091836734693878,0.22642951483547552,-0.04319148505178288,0.48215560315232486,0.35375,0.40625,0.895,0.12909828122408462
136519,Haydon School,Academies,Hillingdon,HA5 2LX,Mixed,Non-selective,77.0,0.26,0.11479591836734693,0.22300288613217603,0.05462439721611947,0.40567065202984787,0.25375,0.34625,0.975,-0.02636434014503299
141808,Saint Cecilia's Church of England School,Academies,Wandsworth,SW18 5JR,Mixed,Non-selective,26.0,0.12000000000000001,0.20153061224489793,0.22045746607096844,-0.03705817494231599,0.45808599553489815,0.3475,0.395,0.8975,0.06055571132564951
135677,Harris Academy Falconwood,Academies,Bexley,DA16 2PE,Mixed,Non-selective,35.0,0.4,0.17346938775510204,0.21612073596976708,-0.031852049589782536,0.4612868898636618,0.30625,0.3725,0.9075,0.012613451927157522
102681,Wimbledon College,Local authority maintained schools,Merton,SW19 4NS,Boys,Non-selective,31.0,0.29,0.1836734693877551,0.215444965125017,-0.02202612175519282,0.4576810165167011,0.335,0.38,0.9075,0.08106436190075911
136551,Newstead Wood School,Academies,Bromley,BR6 9SA,Girls,Selective,25.0,0.3,0.20408163265306117,0.21391922036552857,-0.04954629100113349,0.4684234822211968,0.3175,0.385,0.89625,0.19192068186348962
136644,Hayes School,Academies,Bromley,BR2 7DB,Mixed,Non-selective,52.0,0.2,0.14285714285714285,0.20985468886252703,0.014862972181771033,0.41188954014709966,0.25125,0.32,0.93875,0.007066271309860745
137088,The Palmer Catholic Academy,Academies,Redbridge,IG3 8EU,Mixed,Non-selective,21.0,0.43,0.22448979591836735,0.20751408338043176,-0.08020303113828134,0.5053470967895144,0.325,0.365,0.84875,0.07823057232640132
137442,Clapton Girls' Academy,Academies,Hackney,E5 0RB,Girls,Non-selective,31.0,0.25,0.1836734693877551,0.2063017964900707,-0.04693073616716408,0.4584434654876982,0.28125,0.33875,0.88375,0.254008445745969
138178,Riddlesdown Collegiate,Academies,Croydon,CR8 1EX,Mixed,Non-selective,64.0,0.25,0.12755102040816327,0.20468634576954536,0.024651470253885317,0.3829418923260555,0.22875,0.31,0.9475,0.01424069609249174
137199,Canons High School,Academies,Harrow,HA8 6AN,Mixed,Non-selective,36.0,0.21,0.1709183673469388,0.20382681703656516,-0.033506764170931895,0.4380079811466393,0.28125,0.33875,0.895,0.09485969694719179
138403,London Academy of Excellence,Free Schools,Newham,E15 1AJ,Mixed,Not applicable,46.0,0.2,0.15051020408163265,0.20331639244634991,0.002542147572275451,0.3954314357951237,0.26,0.32875,0.92375,
102854,Woodbridge High School,Local authority maintained schools,Redbridge,IG8 7DQ,Mixed,Non-selective,40.0,0.26,0.16071428571428573,0.20228339177460067,-0.03265311432859602,0.4136350366856278,0.25625,0.32875,0.9,0.011083617959488791
140066,Kew House,Independent schools,Hounslow,TW8 0EX,Mixed,Not applicable,19.0,0.26,0.2346938775510204,0.19865968818011376,-0.06976652807147865,0.47271981380539424,0.2975,0.34875,0.86125,
142908,Greatfields School,Free Schools,Barking and Dagenham,IG11 7QG,Mixed,Non-selective,20.0,0.49000000000000005,0.22959183673469385,0.1980009583360896,-0.08273274191262674,0.4896750367652463,0.31125,0.35125,0.84375,0.06018121548650427
102452,Northwood College for Girls GDST,Independent schools,Hillingdon,HA6 2YE,Girls,Selective,14.0,0.29,0.27295918367346933,0.19748321511241337,-0.11931954642413319,0.5089644333268697,0.29375,0.36125,0.82,
102861,King Solomon High School,Local authority maintained schools,Redbridge,IG6 3HB,Mixed,Non-selective,37.0,0.28,0.16836734693877553,0.19641397953959838,-0.04103409239774367,0.42916878315804446,0.2525,0.3075,0.8975,0.08507865838104149
102156,Fortismere School,Local authority maintained schools,Haringey,N10 1NE,Mixed,Non-selective,58.0,0.24,0.13520408163265307,0.19620144176649504,0.004212700041306075,0.38764118236678197,0.2275,0.2875,0.9325,0.07868202956527957
101071,Emanuel School,Independent schools,Wandsworth,SW11 1HS,Mixed,Selective,37.0,0.14,0.1683673469387755,0.19615400863037102,-0.02361175081030419,0.40417295534024245,0.2525,0.31875,0.9,
140935,Harris Academy Tottenham,Free Schools,Haringey,N17 9LN,Mixed,,18.0,0.14,0.23979591836734693,0.19596130348519655,-0.08791728181438176,0.4637019109406906,0.2825,0.33,0.8475,0.10033094052335065
138313,The Grey Coat Hospital,Academies,Westminster,SW1P 2DY,Girls,Non-selective,35.0,0.27,0.17346938775510204,0.19107771487006428,-0.036340006139341956,0.4193860593642751,0.2375,0.2875,0.90125,0.2027218502085903
102154,Highgate Wood Secondary School,Local authority maintained schools,Haringey,N8 8RN,Mixed,Non-selective,37.0,0.22999999999999998,0.16836734693877553,0.18867577038470845,-0.05064048433822727,0.41191446758772204,0.24625,0.30375,0.89875,0.049539965684569115
137005,Graveney School,Academies,Wandsworth,SW17 9BU,Mixed,Non-selective,94.0,0.2,0.10459183673469388,0.18823358527149123,0.032873082803011835,0.34342998380265016,0.16,0.22875,0.96,0.11756249647547674
135676,Pimlico Academy,Academies,Westminster,SW1V 3AT,Mixed,Non-selective,11.0,0.37999999999999995,0.3086734693877551,0.18773593890681828,-0.13813492975864014,0.48818836274834276,0.31125,0.35375,0.8,0.08605538981912575
100284,The Urswick School - A Church of England Secondary School,Local authority maintained schools,Hackney,E9 6NR,Mixed,Non-selective,10.0,-0.06,0.3239795918367347,0.1849719201103492,-0.16816124031598031,0.5190682400739106,0.31375,0.36,0.7875,-0.021020576515825447
101064,Ibstock Place School,Independent schools,Wandsworth,SW15 5PY,Mixed,Not applicable,24.0,0.09000000000000001,0.2091836734693878,0.18233684787731474,-0.0789125007964087,0.4362594687276433,0.24125,0.29875,0.855,
102539,The Heathland School,Local authority maintained schools,Hounslow,TW4 5JD,Mixed,Non-selective,61.0,0.23,0.13010204081632654,0.18203559777473197,0.00420263068928792,0.3727190258663457,0.17375,0.2225,0.93,0.050468865824146836
101693,Eltham College,Independent schools,Bromley,SE9 4QF,Mixed,Selective,10.0,0.24,0.32142857142857145,0.17557935015276394,-0.11175372069585383,0.4929997635303355,0.29125,0.3325,0.79,
150319,Prendergast School,Academies,Lewisham,SE4 1LE,Girls,Non-selective,27.0,0.23,0.19642857142857142,0.17550299505570277,-0.058523766611057744,0.44213356676979143,0.2325,0.27375,0.84875,
144511,"Newham Collegiate Sixth Form Centre, City of London Academy",Free Schools,Newham,E6 2BB,Mixed,Non-selective,35.0,0.15,0.17091836734693877,0.1734759596272613,-0.04128912397370079,0.4114048871850507,0.2075,0.26,0.855,
134003,St Mark's Church of England Academy,Academies,Merton,CR4 1SF,Mixed,Non-selective,10.0,0.37,0.3239795918367347,0.1719753197905144,-0.19357822303342573,0.5579368232609154,0.2825,0.32125,0.7575,0.09443293114302374
100458,Central Foundation Boys' School,Local authority maintained schools,Islington,EC2A 4SH,Boys,Non-selective,29.0,0.12,0.18877551020408162,0.17142122656067613,-0.09905749347965431,0.4095699411874605,0.245,0.28375,0.84125,0.13226495825587586
101393,Brampton College,Independent schools,Barnet,NW4 4DQ,Mixed,Not applicable,14.0,0.28,0.27295918367346933,0.1703573786540593,-0.11603005780115633,0.45934809264503607,0.26625,0.32,0.7825,
132727,Walthamstow Academy,Academies,Waltham Forest,E17 5DP,Mixed,Non-selective,21.0,0.1,0.2219387755102041,0.17000095993432482,-0.1034778635633708,0.4731618896415151,0.25,0.28375,0.80125,0.1402264156367564
136795,Nonsuch High School for Girls,Academies,Sutton,SM3 8AB,Girls,Selective,55.0,0.18999999999999997,0.13775510204081634,0.16959274904230845,-0.034850715702707966,0.3820510895636632,0.15125,0.21,0.9,0.1608580086152083
102049,Chace Community School,Local authority maintained schools,Enfield,EN1 3HQ,Mixed,Non-selective,27.0,0.29,0.19642857142857142,0.16784465304365803,-0.09757019361422227,0.4381265581568777,0.21875,0.265,0.8175,-0.08786391492584768
101241,"Barking Abbey School, A Specialist Sports and Humanities College",Local authority maintained schools,Barking and Dagenham,IG11 9AG,Mixed,Non-selective,44.0,0.11,0.1556122448979592,0.1671737488462969,-0.04565254338790502,0.38912886466144975,0.175,0.23,0.86625,-0.025721657816864373
134222,City of London Academy (Southwark),Academies,Southwark,SE1 5LA,Mixed,Non-selective,53.0,0.19,0.14030612244897958,0.16690095484439119,-0.042660969721157294,0.367959173324622,0.1625,0.20875,0.89,0.10817176986405866
135316,Ashcroft Technology Academy,Academies,Wandsworth,SW15 2UT,Mixed,Non-selective,21.0,0.21000000000000002,0.22193877551020408,0.16682636138394266,-0.10551839123738144,0.4405721226955783,0.21875,0.28,0.81125,0.19607155917019875
137907,Chiswick School,Academies,Hounslow,W4 3UN,Mixed,Non-selective,34.0,0.22,0.17346938775510207,0.16419310140393978,-0.08250959404730528,0.4042560832586722,0.20125,0.25625,0.82625,0.08114111299763421
102946,Hampton School,Independent schools,Richmond upon Thames,TW12 3HD,Boys,Not applicable,30.0,0.17,0.18622448979591838,0.16346167242122,-0.07723980998166713,0.3893198328289199,0.1875,0.23375,0.8425,
135315,Ark Walworth Academy,Academies,Southwark,SE1 5UJ,Mixed,Non-selective,12.0,0.33,0.2933673469387755,0.16167507266804626,-0.15880322957760099,0.4952823486836485,0.2775,0.31125,0.74375,0.06356762042051899
100975,Central Foundation Girls' School,Local authority maintained schools,Tower Hamlets,E3 2AE,Girls,Non-selective,48.0,0.29,0.14795918367346939,0.1537101162273556,-0.06329669820284427,0.35812125445317516,0.145,0.19,0.8575,0.15833728611778444
137093,Dunraven School,Academies,Lambeth,SW16 2QB,Mixed,Non-selective,25.0,0.23,0.20408163265306123,0.1535358214717204,-0.10556738944873886,0.3969992696016532,0.205,0.2525,0.815,0.03358404022067092
136327,Kingsmead School,Academies,Enfield,EN1 1YQ,Mixed,Non-selective,30.0,0.14,0.18622448979591838,0.15278694729741646,-0.10754183559061023,0.4089958992349351,0.19,0.23375,0.81625,0.08973443405790914
101154,St Augustine's Federated Schools: CE High School,Local authority maintained schools,Westminster,NW6 5SN,Mixed,Non-selective,6.0,0.28,0.4183673469387756,0.1527726787171797,-0.23676946177589053,0.5197620606461547,0.28375,0.315,0.7175,0.042271146316935064
100637,La Retraite Roman Catholic Girls' School,Local authority maintained schools,Lambeth,SW12 0AB,Girls,Non-selective,25.0,0.26,0.20408163265306123,0.1505261648185086,-0.10550083798968957,0.4047163246088025,0.20375,0.24125,0.78375,0.08582081885406868
137965,Blackfen School for Girls,Academies,Bexley,DA15 9NU,Girls,Non-selective,45.0,0.11,0.15306122448979592,0.1481509850652586,-0.06532718955818945,0.3570779198698041,0.14625,0.18375,0.82875,0.03879502655362505
136137,Skinners' Academy,Academies,Hackney,N4 1SY,Mixed,Non-selective,15.0,0.16,0.2653061224489796,0.1443329648579268,-0.12873628812157328,0.4324055473676469,0.2025,0.24875,0.76,0.057471174200442926
143756,"City of London Academy, Shoreditch Park",Free Schools,Hackney,N1 5JU,Mixed,,7.0,0.06,0.38775510204081637,0.14291844774375798,-0.23904353764360786,0.49815856268546715,0.26375,0.29625,0.72,0.15020420765200812
102162,Channing School,Independent schools,Haringey,N6 5HF,Girls,Selective,21.0,0.15,0.22448979591836732,0.14183917740049895,-0.13395752147728868,0.4162128408395023,0.19875,0.25,0.75,
100857,The St Thomas the Apostle College,Local authority maintained schools,Southwark,SE15 2EB,Boys,Non-selective,28.0,0.18,0.1913265306122449,0.14181704300113268,-0.09656877214094256,0.38718125041209034,0.1625,0.205,0.7925,0.24330174189221337
136709,Bullers Wood School,Academies,Bromley,BR7 5LJ,Girls,Non-selective,53.0,0.19,0.14030612244897958,0.13998324063073894,-0.06550826438825418,0.33697204188041224,0.10875,0.155,0.83375,0.07742574037551536
131609,The Bridge Academy,Academies,Hackney,E2 8BA,Mixed,Non-selective,22.0,0.08,0.21938775510204078,0.1362261782457169,-0.1184318646035671,0.39883108074805707,0.1725,0.2175,0.7775,0.09372140021511113
101934,The Cardinal Wiseman Catholic School,Local authority maintained schools,Ealing,UB6 9AW,Mixed,Non-selective,60.0,0.15,0.1326530612244898,0.13566899275237435,-0.06286640085608364,0.33379189586782243,0.105,0.1375,0.8425,0.09731041034812363
137006,Langley Park School for Girls,Academies,Bromley,BR3 3BE,Girls,Non-selective,50.0,0.17,0.14540816326530615,0.13425591058637623,-0.06928569202516832,0.33351942135933993,0.1125,0.1625,0.8175,0.13148818387488453
134815,The Elms Academy,Academies,Lambeth,SW4 9ET,Mixed,Non-selective,21.0,0.25,0.22448979591836732,0.13382895018638868,-0.15323962976992903,0.41688431327943154,0.185,0.22375,0.755,0.20830173127748636
102950,The Harrodian School,Independent schools,Richmond upon Thames,SW13 9QN,Mixed,Not applicable,23.0,0.03,0.2142857142857143,0.13360400470980355,-0.12116136945651768,0.37729037775741403,0.155,0.19,0.775,
142560,St Gregory's Catholic Science College,Academies,Brent,HA3 0NB,Mixed,Non-selective,20.0,0.11000000000000001,0.22704081632653064,0.1311987957309111,-0.15223120973759305,0.39614859571116484,0.18625,0.23375,0.7525,0.11365884559673475
138457,Wembley High Technology College,Academies,Brent,HA0 3NT,Mixed,Non-selective,31.0,0.25,0.1836734693877551,0.1295253594182126,-0.12246746446854467,0.36707202275374984,0.1475,0.19125,0.77375,0.21401367714729908
135311,Harris City Academy Crystal Palace,Academies,Croydon,SE19 2JH,Mixed,Non-selective,42.0,0.19,0.1556122448979592,0.12941019850316154,-0.08783782288203239,0.34967912418624253,0.12,0.15625,0.795,0.07097856799216978
150937,St Michael's Catholic College,Academies,Southwark,SE16 4UN,Mixed,,23.0,0.37,0.2142857142857143,0.12465042232231337,-0.14013261482020628,0.37623120829667045,0.1525,0.18625,0.75875,
137729,Featherstone High School,Academies,Ealing,UB2 5HF,Mixed,Non-selective,38.0,0.08,0.16581632653061226,0.12216442508404544,-0.10019497512452377,0.3488974642386369,0.12375,0.165,0.76375,0.05131680541329018
137772,Shirley High School Performing Arts College,Academies,Croydon,CR0 5EF,Mixed,Non-selective,16.0,0.4,0.25510204081632654,0.11850733337271993,-0.17630213080210108,0.42794549653195574,0.18,0.22375,0.69875,-0.025583690495080066
100183,Plumstead Manor School,Local authority maintained schools,Greenwich,SE18 1QF,Mixed,Non-selective,23.0,0.33,0.211734693877551,0.11797358055773113,-0.13711500353093198,0.3874255465107423,0.14375,0.17875,0.72625,-0.15732351337445133
101247,All Saints Catholic School and Technology College,Local authority maintained schools,Barking and Dagenham,RM8 1JT,Mixed,Non-selective,14.0,-0.01,0.2729591836734694,0.11565768331965293,-0.19100459854709328,0.4236169288746408,0.18,0.22875,0.6925,0.12330881033269328
135242,Ark King Solomon Academy,Academies,Westminster,NW1 6RX,Mixed,Non-selective,18.0,0.08,0.23979591836734693,0.11536514270920187,-0.17858535489319471,0.39576326468834394,0.15875,0.19,0.71,0.21496048245846744
145875,Coombe Wood School,Free Schools,Croydon,CR2 7HY,Mixed,,47.0,0.16,0.1479591836734694,0.1146329523761255,-0.10085537122814195,0.3237459306948451,0.09375,0.12875,0.73875,0.10657812092190562
145121,Park Academy West London,Academies,Hillingdon,UB8 3GA,Mixed,Non-selective,7.0,0.4,0.38775510204081637,0.11372988762217352,-0.3379235376838024,0.5200572146229993,0.24625,0.28,0.655,-0.04465526417679043
143629,Mulberry School for Girls,Academies,Tower Hamlets,E1 2JP,Girls,Non-selective,40.0,0.04,0.16071428571428573,0.11166440567610908,-0.1051486795083031,0.32503186537595524,0.09125,0.125,0.7575,0.14096346843634178
100864,Alleyn's School,Independent schools,Southwark,SE22 8SU,Mixed,Selective,44.0,0.07,0.1556122448979592,0.10741664798678109,-0.10355394133899508,0.3129008459328048,0.085,0.12,0.74125,
145348,Dormers Wells High School,Academies,Ealing,UB1 3HZ,Mixed,Non-selective,25.0,0.17,0.20408163265306117,0.10696987391283354,-0.1481113556896042,0.38361009688615266,0.1325,0.16125,0.72125,0.10008303153263216
136787,Sutton Grammar School,Academies,Sutton,SM1 4AS,Boys,Selective,26.0,0.13,0.20153061224489793,0.10556704735658705,-0.14216881085172425,0.34754322724887793,0.1175,0.14875,0.71,0.12801843342107438
136308,Ashmole Academy,Academies,Barnet,N14 5RJ,Mixed,Non-selective,43.0,0.049999999999999996,0.1556122448979592,0.10344215271020554,-0.12049315468033461,0.327159830487653,0.0825,0.10125,0.725,0.13351565490561204
149901,Haggerston School,Academies,Hackney,E2 8LS,Mixed,Non-selective,16.0,0.07,0.25510204081632654,0.10329834733233106,-0.19378210213633296,0.3856888296351397,0.145,0.18375,0.67625,0.0944969655613874
136517,Ravens Wood School,Academies,Bromley,BR2 8HP,Boys,Non-selective,65.0,0.13,0.125,0.10217034881525713,-0.078472234221542,0.2909373352730988,0.0525,0.08375,0.7725,-0.0361008918586218
142864,Pinner High School,Free Schools,Harrow,HA5 1NB,Mixed,Non-selective,37.0,0.04,0.1683673469387755,0.099050569865967,-0.1256507420579943,0.3297178201277108,0.08875,0.11125,0.72125,0.13605749460852223
137407,Bishop Ramsey Church of England School,Academies,Hillingdon,HA4 8EE,Mixed,Non-selective,65.0,0.16,0.125,0.09577610654048094,-0.08503825343693559,0.26650046417569334,0.04,0.05625,0.75625,0.05821987191126961
141862,The Kingston Academy,Free Schools,Kingston upon Thames,KT2 5PE,Mixed,Non-selective,22.0,0.029999999999999995,0.21683673469387757,0.08929547369847064,-0.15915190449347721,0.36041349275065737,0.1125,0.15,0.665,0.1856669378876184
148421,Woodhouse College,Academies,Barnet,N12 9EY,Mixed,Non-selective,169.0,0.07,0.07653061224489796,0.08886865619241886,-0.02081255166380322,0.20216444861371982,0.00375,0.0075,0.8325,
101954,Notting Hill & Ealing High School GDST,Independent schools,Ealing,W13 8AX,Girls,Selective,14.0,0.08,0.2729591836734694,0.08727767742918464,-0.22537421678780406,0.3645727242445697,0.135,0.16125,0.65875,
137386,Mill Hill County High School,Academies,Barnet,NW7 4LL,Mixed,Non-selective,62.0,0.11,0.13010204081632654,0.08589692038380829,-0.10203111981370637,0.27576590117436794,0.0425,0.0625,0.70875,0.02092004822890489
130443,St Dominic's Sixth Form College,Colleges,Harrow,HA1 3HX,Mixed,Not applicable,197.0,0.09,0.0739795918367347,0.08481244953733472,-0.025985065397905634,0.1946916181151473,0.0025,0.0075,0.82125,
135469,Harrow Collegiate,Colleges,Harrow,HA3 5PQ,Mixed,Not applicable,301.0,0.07,0.05867346938775511,0.08278902468545248,-0.007836673442363879,0.18148505967253326,0.00125,0.00125,0.8725,
102929,Christ's Church of England Comprehensive Secondary School,Local authority maintained schools,Richmond upon Thames,TW10 6HW,Mixed,Non-selective,9.0,-0.28,0.34183673469387754,0.0823075051332761,-0.23758323329026018,0.4225665955095177,0.16,0.1925,0.62125,0.06407017142130339
101940,Greenford High School,Local authority maintained schools,Ealing,UB1 2GU,Mixed,Non-selective,36.0,0.11,0.1709183673469388,0.08079552153155978,-0.15197277269774775,0.31005968135864215,0.075,0.095,0.65875,0.05736241641111309
137633,Bishopshalt School,Academies,Hillingdon,UB8 3RF,Mixed,Non-selective,36.0,0.030000000000000002,0.17091836734693877,0.07649041197895212,-0.15292355254464296,0.3185196957859661,0.07375,0.10875,0.6475,0.18084127918127638
138267,Ark Bolingbroke Academy,Free Schools,Wandsworth,SW11 6BF,Mixed,Non-selective,21.0,0.01,0.22448979591836735,0.07604901883033775,-0.22569417572056777,0.36899019755291723,0.11625,0.14375,0.63125,0.17554892143502435
100202,Colfe's School,Independent schools,Greenwich,SE12 8AW,Mixed,Selective,9.0,-0.23000000000000004,0.3418367346938776,0.07534534428091838,-0.2603410368824126,0.3964691719798226,0.14625,0.17,0.61125,
145609,Lubavitch House School (Senior Girls),Academies,Hackney,N16 5RP,Girls,Non-selective,8.0,0.14,0.3622448979591837,0.07454175208534579,-0.34533018747485966,0.4750112723401407,0.20875,0.24125,0.58625,0.07108925126586528
102045,Winchmore School,Local authority maintained schools,Enfield,N21 3HS,Mixed,Non-selective,44.0,0.0,0.15306122448979592,0.07348928615712176,-0.13933028495607958,0.2802940080904877,0.05125,0.07,0.64875,0.0581312763026963
141683,The Sydney Russell School,Academies,Barking and Dagenham,RM9 5QT,Mixed,Non-selective,48.0,0.05000000000000001,0.14540816326530615,0.07276533788503806,-0.13634592502233753,0.2692531128231393,0.04,0.065,0.66625,0.16896859267872577
135968,Oasis Academy Shirley Park,Academies,Croydon,CR9 7AL,Mixed,Non-selective,23.0,0.07,0.21173469387755103,0.06857153315765789,-0.21417257515017155,0.3333116159422576,0.09625,0.13,0.62625,-0.001386939341977572
102683,Ursuline High School Wimbledon,Local authority maintained schools,Merton,SW20 8HA,Girls,Non-selective,63.0,0.06,0.12755102040816327,0.06767219612707692,-0.1059812116873885,0.26670276686147604,0.03375,0.05375,0.67375,0.22506943515930358
147238,Hasmonean High School for Girls,Academies,Barnet,NW7 2EU,Girls,,41.0,0.10000000000000002,0.16071428571428573,0.06433747623705104,-0.1568925533614695,0.28139395545271784,0.04875,0.07875,0.61375,0.17850495442715
138682,Southfields Academy,Academies,Wandsworth,SW18 5JU,Mixed,Non-selective,15.0,0.15,0.2627551020408163,0.06170002883141459,-0.22214113581679396,0.37512658974644425,0.12,0.1375,0.60875,0.06092875285939142
136800,Greenshaw High School,Academies,Sutton,SM1 3DY,Mixed,Non-selective,48.0,0.05000000000000001,0.1479591836734694,0.060872595337627844,-0.15849725818261384,0.2770814648158177,0.0425,0.065,0.6325,0.07298942236175124
102858,Mayfield School,Local authority maintained schools,Redbridge,RM8 1XE,Mixed,Non-selective,27.0,0.1,0.19642857142857142,0.058000611009889444,-0.1895058130881941,0.32175926542961136,0.085,0.11125,0.585,-0.03142599638824806
101835,Royal Russell School,Independent schools,Croydon,CR9 5BX,Mixed,Selective,17.0,0.3,0.24744897959183673,0.05568368657409028,-0.2290453114174756,0.34496132756083586,0.0825,0.1025,0.5775,
100182,Eltham Hill School,Local authority maintained schools,Greenwich,SE9 5EE,Girls,Non-selective,26.0,0.02,0.20153061224489793,0.05554674673343954,-0.20422541740703967,0.2986927319802591,0.06625,0.08625,0.6125,0.09461152180437284
136658,East Barnet School,Academies,Barnet,EN4 8PU,Mixed,Non-selective,40.0,0.02,0.16071428571428573,0.05496036335385195,-0.1635714371303634,0.27831307358947516,0.05,0.06375,0.6075,0.04462692821506689
137994,Saint Claudine's Catholic School for Girls,Academies,Brent,NW10 4EP,Girls,Non-selective,7.0,0.45,0.3852040816326531,0.05482181796615625,-0.3311487328712193,0.43243424394649094,0.14875,0.17125,0.59,0.1575133230775252
143129,Phoenix Academy,Academies,Hammersmith and Fulham,W12 0RQ,Mixed,Non-selective,6.0,0.02,0.4183673469387756,0.0494766964911161,-0.33839948709100376,0.43575545630428203,0.17,0.19375,0.52875,0.22656031672152324
137388,Christ's College Finchley,Academies,Barnet,N2 0SE,Mixed,Non-selective,18.0,0.01,0.23979591836734693,0.0494225541139349,-0.2335351478762687,0.3478659066709298,0.1075,0.13,0.55375,0.09389810832887564
102674,Raynes Park High School,Local authority maintained schools,Merton,SW20 0JL,Mixed,Non-selective,17.0,0.13,0.24744897959183673,0.04855057070512036,-0.2467413462118887,0.3246426116260555,0.0925,0.115,0.565,0.10059505468802434
139720,Nishkam School West London,Free Schools,Hounslow,TW7 5PN,Mixed,Not applicable,14.0,0.15,0.2729591836734694,0.04345100967580596,-0.2882881564717332,0.3560488697938158,0.12625,0.15125,0.55125,0.12547870592491445
130458,Sir George Monoux College,Colleges,Waltham Forest,E17 5AA,Mixed,Not applicable,57.0,0.13,0.13520408163265307,0.04172694879090599,-0.15615363734432575,0.23829685520577124,0.03,0.04125,0.56625,
147439,The John Roan School,Academies,Greenwich,SE3 7QR,Mixed,Non-selective,20.0,0.06,0.2295918367346939,0.04142094556265386,-0.24609363532615278,0.30804679237710886,0.075,0.095,0.5825,-0.11037431953207703
100190,Thomas Tallis School,Local authority maintained schools,Greenwich,SE3 9PX,Mixed,Non-selective,43.0,-0.030000000000000002,0.15561224489795922,0.040716058938892505,-0.15934489752328043,0.25298010597479553,0.03625,0.0525,0.555,0.033409923437271984
133386,Greig City Academy,Academies,Haringey,N8 7NU,Mixed,Non-selective,9.0,0.16,0.34183673469387754,0.03785704300343683,-0.345850582999192,0.413633415690733,0.12625,0.1575,0.53125,0.15983890118259367
144465,Orion Eden Park,Free Schools,Bromley,BR3 3RD,Mixed,Non-selective,18.0,0.12000000000000001,0.24234693877551022,0.037512313335749385,-0.25164592732691515,0.33172444570511095,0.08375,0.10625,0.545,-0.11449349924226279
137181,The UCL Academy,Academies,Camden,NW3 3AQ,Mixed,Non-selective,25.0,0.06,0.20408163265306123,0.0373633049011572,-0.2279409159704723,0.29403438345275607,0.05625,0.08,0.54,-0.012821302985330489
135973,E-ACT Crest Academy,Academies,Brent,NW2 7SN,Mixed,Non-selective,19.0,0.24,0.2346938775510204,0.03728394251566167,-0.24328190200377653,0.3276025574904163,0.08625,0.10125,0.54125,-0.03803774768183113
100282,All Saints Catholic High School,Local authority maintained schools,Hackney,N16 5AF,Mixed,Non-selective,16.0,0.02,0.25510204081632654,0.035837903894393605,-0.26582673091988296,0.34610142818667317,0.10375,0.1225,0.535,0.10160965479685671
100977,Stepney All Saints Church of England Secondary School,Local authority maintained schools,Tower Hamlets,E1 0RH,Mixed,Non-selective,19.0,0.1,0.23469387755102042,0.034054428192146914,-0.2323027580279588,0.3124258360496655,0.0775,0.09625,0.53125,0.1502285206889235
102239,Whitmore High School,Local authority maintained schools,Harrow,HA2 0AD,Mixed,Non-selective,51.0,-0.02,0.14285714285714288,0.029455494469912146,-0.17824883473874711,0.226351502931092,0.02375,0.035,0.5375,0.1117162544062806
100065,University College School,Independent schools,Camden,NW3 6XH,Mixed,Not applicable,24.0,-0.04,0.2091836734693878,0.028889236999557255,-0.20683181472152481,0.2844028848612528,0.0525,0.07125,0.515,
101685,Farringtons School,Independent schools,Bromley,BR7 6LR,Mixed,Selective,7.0,0.05,0.3852040816326531,0.024298480425875263,-0.32440078582110565,0.36409149930954315,0.1,0.11625,0.52125,
137131,Queen Elizabeth's Girls' School,Academies,Barnet,EN5 5RR,Girls,Non-selective,18.0,0.19,0.23979591836734693,0.0233201815205152,-0.25748678119174234,0.3019944797493329,0.0625,0.09125,0.50625,0.16118663051795362
144962,City of London Academy Highbury Grove,Academies,Islington,N5 2EQ,Mixed,Non-selective,8.0,-0.23,0.3622448979591837,0.020379074459073134,-0.3675287251455443,0.37836351811768,0.12,0.15,0.50875,0.014345635121285854
101245,Robert Clack School,Local authority maintained schools,Barking and Dagenham,RM8 1JU,Mixed,Non-selective,35.0,0.08,0.17091836734693877,0.019455643962256283,-0.20425867375180884,0.2554912999377768,0.03,0.04375,0.48875,0.048737112294346414
137353,The St Marylebone CofE School,Academies,Westminster,W1U 5BA,Girls,Non-selective,38.0,0.03,0.16581632653061223,0.014994155523031854,-0.20979786444632034,0.24151428453223767,0.02625,0.03875,0.475,0.17923181571865998
101837,Whitgift School,Independent schools,Croydon,CR2 6YT,Boys,Not applicable,12.0,-0.06,0.2933673469387755,0.012683209996735946,-0.27859203102814983,0.32223518727114725,0.08,0.095,0.475,
137361,Clarion,Academies,Barnet,NW2 1TR,Mixed,Non-selective,7.0,-0.22,0.3852040816326531,0.010949462019831047,-0.3640616787755025,0.4016058058461135,0.1175,0.14125,0.48125,0.11018952901905962
137935,Sacred Heart High School,Academies,Hammersmith and Fulham,W6 7DG,Girls,Non-selective,22.0,-0.08,0.21683673469387757,0.008369834316850457,-0.27491002267313636,0.26957070935238847,0.04375,0.0575,0.49625,0.16887797533617963
102850,Ilford County High School,Local authority maintained schools,Redbridge,IG6 2JB,Boys,Selective,10.0,0.12,0.3239795918367347,0.0076856451522148116,-0.3377817888512185,0.3498668299238953,0.09625,0.1125,0.4875,0.09537820319633489
138681,Ark Putney Academy,Academies,Wandsworth,SW15 3DG,Mixed,Non-selective,21.0,-0.01,0.22448979591836735,0.006830924109668314,-0.283091506661188,0.30466384397817825,0.0625,0.07375,0.48,0.06662624778085384
100741,Sydenham School,Local authority maintained schools,Lewisham,SE26 4RD,Girls,Non-selective,29.0,-0.06,0.1913265306122449,0.006447256893859129,-0.2417605693225613,0.25162500121875075,0.0375,0.04375,0.49,0.02716897347216187
137546,Twyford Church of England High School,Academies,Ealing,W3 9PP,Mixed,Non-selective,66.0,0.02,0.125,0.005490494594097926,-0.1701078997019817,0.1886878325805969,0.0075,0.0125,0.46625,0.2034078993010458
138924,Heston Community School,Academies,Hounslow,TW5 0QR,Mixed,Non-selective,42.0,-0.07,0.15816326530612246,0.0025848155675555606,-0.22806632089862994,0.21681550360335328,0.015,0.02625,0.46625,0.0523321588761591
137028,Nower Hill High School,Academies,Harrow,HA5 5RP,Mixed,Non-selective,55.0,-0.08,0.13775510204081634,0.0018279673400576932,-0.19217998832230623,0.19894727355152408,0.01125,0.0175,0.4575,0.1136481767876101
136509,RR6,Colleges,Merton,SW19 7HB,Mixed,Not applicable,50.0,-0.02,0.14540816326530615,-0.00599121919930457,-0.20944323035995657,0.19567777462025823,0.00875,0.01125,0.42625,
141178,The Warren School,Academies,Barking and Dagenham,RM6 6SB,Mixed,Non-selective,12.0,-0.15,0.29591836734693877,-0.006423700375294197,-0.33180236692831827,0.32059245254149965,0.08,0.095,0.45125,0.06273624929543545
135955,Harris Academy Purley,Academies,Croydon,CR2 6DT,Mixed,Non-selective,16.0,-0.07,0.25510204081632654,-0.008121772159865467,-0.3078338925861645,0.30417158164435104,0.0675,0.0825,0.44625,0.03526204382761014
101157,"Queen's College, London",Independent schools,Westminster,W1G 8BT,Girls,Not applicable,12.0,-0.06,0.2933673469387755,-0.008268578159655699,-0.3261038434447051,0.27620662712836563,0.04625,0.06,0.455,
135531,Chelsea Academy,Academies,Kensington and Chelsea,SW10 0AB,Mixed,Non-selective,28.0,0.03,0.1913265306122449,-0.017620137969272098,-0.2866521188624503,0.23719386238243786,0.0275,0.0375,0.4125,-0.04614928027506687
132711,Harris Girls' Academy East Dulwich,Academies,Southwark,SE22 0NR,Girls,Non-selective,17.0,0.04,0.24744897959183673,-0.02214832951025527,-0.2950360881111019,0.25756824901646,0.03375,0.0475,0.41,0.11744193048448687
100051,Regent High School,Local authority maintained schools,Camden,NW1 1RX,Mixed,Non-selective,10.0,-0.49000000000000005,0.3239795918367347,-0.025026462291749017,-0.3700434545038458,0.3215716319797288,0.07875,0.0925,0.4075,-0.09213732776116128
144084,The Lea Valley Academy,Academies,Enfield,EN3 6TW,Mixed,Non-selective,9.0,0.12000000000000001,0.3418367346938776,-0.028313774466291197,-0.4011642835163859,0.3353231349946839,0.08125,0.095,0.42625,-0.10754325299449853
130457,Leyton Sixth Form College,Colleges,Waltham Forest,E10 6EQ,Mixed,Not applicable,105.0,-0.01,0.09948979591836735,-0.029649938339639106,-0.16689894038234826,0.11534796643969908,0.0,0.0,0.30625,
138691,Chingford Foundation School,Academies,Waltham Forest,E4 7LT,Mixed,Non-selective,23.0,-0.17,0.211734693877551,-0.03832128744232806,-0.3023122594297669,0.21828971235816985,0.02375,0.03125,0.38625,0.011244523798734559
137754,Norbury High School for Girls,Academies,Croydon,CR7 8BT,Girls,Non-selective,6.0,0.11,0.4183673469387756,-0.041422032610325496,-0.3917919108014466,0.33351954430555925,0.0775,0.0975,0.3825,0.08645591770355666
139791,Riverside School,Free Schools,Barking and Dagenham,IG11 0FU,Mixed,Non-selective,24.0,-0.15,0.2091836734693878,-0.04632856733790874,-0.30506418872114954,0.21687239744528614,0.02125,0.02875,0.36375,0.14276101581420092
100052,Hampstead School,Local authority maintained schools,Camden,NW2 3RT,Mixed,Non-selective,31.0,-0.04,0.1836734693877551,-0.04642352253718306,-0.30049180620072674,0.2029272982851738,0.00875,0.01875,0.34125,-0.08013309185880103
101364,St James' Catholic High School,Local authority maintained schools,Barnet,NW9 5PE,Mixed,Non-selective,17.0,0.0,0.24744897959183673,-0.047104629558070904,-0.3402774587309747,0.27067497978903854,0.04625,0.05875,0.3575,0.06793296584341277
136090,Drapers' Academy,Academies,Havering,RM3 9XR,Mixed,Non-selective,35.0,0.07,0.17346938775510204,-0.04835567279095722,-0.28288432743893854,0.18099662834659921,0.01125,0.02,0.3325,0.00821090037538314
141071,Whitefriars School,Academies,Harrow,HA3 5RQ,Mixed,Not applicable,6.0,-0.41,0.4183673469387755,-0.04842358221639856,-0.45629633527290564,0.35748089904326347,0.09125,0.1025,0.3825,-0.03626048939704722
137178,Bentley Wood High School,Academies,Harrow,HA7 3JW,Girls,Non-selective,35.0,-0.07,0.17091836734693877,-0.04861776068689669,-0.28430687167267604,0.16904826633614922,0.01125,0.015,0.3325,0.11851207079901122
139725,William Perkin Church of England High School,Free Schools,Ealing,UB6 8PR,Mixed,Non-selective,43.0,-0.030000000000000002,0.15561224489795922,-0.04891556305312118,-0.2714385837330038,0.16698349051727365,0.005,0.00875,0.32,0.17958203102180811
138187,Woodcote High School,Academies,Croydon,CR5 2EH,Mixed,Non-selective,19.0,-0.15,0.2346938775510204,-0.04895045643725627,-0.33124161778502453,0.22831943310031177,0.0275,0.035,0.36,-0.003929537323383494
137925,The Douay Martyrs Catholic School,Academies,Hillingdon,UB10 8QY,Mixed,Non-selective,34.0,-0.07,0.1760204081632653,-0.051036016705083814,-0.27536148907682106,0.19207432224490753,0.01125,0.01375,0.31125,0.09703168456349315
101811,Archbishop Tenison's CofE High School,Local authority maintained schools,Croydon,CR0 5JQ,Mixed,Non-selective,7.0,-0.24,0.3852040816326531,-0.052670006381206474,-0.43850483966710246,0.3317629809139945,0.075,0.0875,0.38125,-0.008960689493457533
135587,City of London Academy Islington,Academies,Islington,N1 8PQ,Mixed,Non-selective,9.0,-0.21,0.3392857142857143,-0.05373790405287237,-0.39284035604358636,0.28857853306819886,0.05375,0.06625,0.38875,0.08883549630845806
100973,Swanlea School,Local authority maintained schools,Tower Hamlets,E1 5DJ,Mixed,Non-selective,36.0,0.0,0.1709183673469388,-0.0540628784009055,-0.287674556166738,0.18091433403760618,0.00875,0.01375,0.31625,0.1377826745830274
102684,King's College School,Independent schools,Merton,SW19 4TT,Boys,Selective,21.0,-0.16,0.22193877551020408,-0.054628506618164784,-0.31042065512828265,0.18485649229672146,0.01,0.0175,0.335,
136750,West London Free School,Free Schools,Hammersmith and Fulham,W6 9LP,Mixed,Non-selective,21.0,-0.33,0.22448979591836735,-0.05523517337609649,-0.3358340948785412,0.22209512842302065,0.0275,0.035,0.34125,0.14440346995291048
139410,St Andrew the Apostle Greek Orthodox School,Free Schools,Barnet,N11 1NP,Mixed,Non-selective,10.0,-0.14,0.32142857142857145,-0.057180863384424116,-0.40889327816466303,0.2878866687631528,0.05625,0.07375,0.36625,0.09468799634854282
135951,Haberdashers' Crayford Academy,Academies,Bexley,DA1 4RS,Mixed,Non-selective,24.0,0.04,0.2091836734693878,-0.05752065371212379,-0.3246666742800107,0.2113585657321899,0.02125,0.03375,0.32,-0.04589396479182389
137940,Isleworth and Syon School for Boys,Academies,Hounslow,TW7 5LJ,Boys,Non-selective,11.0,-0.3,0.3086734693877551,-0.058638290262470714,-0.3946788063334684,0.280231381632177,0.05125,0.0625,0.35375,-0.006684507195688576
141931,The Cardinal Vaughan Memorial RC School,Academies,Kensington and Chelsea,W14 8BZ,Boys,Non-selective,21.0,-0.03,0.22193877551020408,-0.05906411743219715,-0.325525494534221,0.20536247973375002,0.02375,0.0275,0.335,0.2247565542136057
142627,Menorah High School for Girls,Local authority maintained schools,Barnet,NW2 7BZ,Girls,Not applicable,15.0,0.02,0.2653061224489796,-0.061226799131797474,-0.36313036952598227,0.26239728221697545,0.035,0.055,0.33875,0.2976732384842023
136615,The Tiffin Girls' School,Academies,Kingston upon Thames,KT2 5PL,Girls,Selective,34.0,-0.09,0.17346938775510204,-0.06235510707263293,-0.29427682782727826,0.17541188102664637,0.0125,0.015,0.27875,0.19461629498044603
136756,Overton Grange School,Academies,Sutton,SM2 6TQ,Mixed,Non-selective,16.0,0.02,0.2576530612244898,-0.06459431810680823,-0.374730158330712,0.24763835306108578,0.02375,0.04125,0.32625,0.017970914066105074
134314,St Mary Magdalene Academy,Academies,Islington,N7 8PG,Mixed,Non-selective,29.0,0.0,0.18877551020408162,-0.06478483885252911,-0.30483894654650834,0.17539329375162138,0.01,0.015,0.28125,0.036674303478410365
138459,The Holy Cross School,Academies,Kingston upon Thames,KT3 5AR,Girls,Non-selective,25.0,-0.04,0.20408163265306123,-0.06627057441302674,-0.3426955431136379,0.19451648368459756,0.015,0.02125,0.33625,0.182890258349411
131752,Ark Burlington Danes Academy,Academies,Hammersmith and Fulham,W12 0HR,Mixed,Non-selective,10.0,-0.37,0.3239795918367347,-0.06845904518389284,-0.40847623959507845,0.2734074541318582,0.04875,0.05875,0.3575,0.005803861285620724
136334,Beths Grammar School,Academies,Bexley,DA5 1NE,Boys,Selective,92.0,-0.05,0.10714285714285715,-0.06940881955582143,-0.22822496085762065,0.08194469362027515,0.0,0.0,0.175,0.08755241001275582
102852,Woodford County High School,Local authority maintained schools,Redbridge,IG8 9LA,Girls,Selective,42.0,-0.09,0.15816326530612246,-0.07060197440000873,-0.28767456200911107,0.151059854669812,0.005,0.0075,0.26875,0.15718478900797353
139703,Harris Academy Chobham,Academies,Newham,E20 1BD,Mixed,Non-selective,48.0,-0.07,0.14795918367346939,-0.07151671071618262,-0.2851954216536572,0.13586144185622798,0.0025,0.00375,0.25125,0.046599825526636704
136600,The Coopers' Company and Coborn School,Academies,Havering,RM14 3HS,Mixed,Non-selective,69.0,-0.07,0.125,-0.0760777594887024,-0.25611291495102184,0.10148198449808901,0.0,0.00125,0.21125,0.07992673646297702
136208,Lift Richmond Park,Academies,Richmond upon Thames,SW14 8RG,Mixed,Non-selective,16.0,-0.07,0.25510204081632654,-0.07650373010998175,-0.37485807278326067,0.22309711106115132,0.02875,0.0375,0.2875,0.11326798158445062
150604,Cardinal Pole Catholic School,Academies,Hackney,E9 6LG,Mixed,Non-selective,54.0,-0.1,0.1403061224489796,-0.07659930732519472,-0.276338332849676,0.11645704344862086,0.00125,0.00125,0.23375,
102048,Enfield County School for Girls,Local authority maintained schools,Enfield,EN2 6QG,Girls,Non-selective,10.0,-0.07,0.3239795918367347,-0.08404661753198833,-0.41840614535343884,0.27720857946516747,0.04625,0.065,0.3225,0.07786794979306264
102787,St Bonaventure's RC School,Local authority maintained schools,Newham,E7 9QD,Boys,Non-selective,47.0,-0.12,0.14795918367346939,-0.08489182770666488,-0.29693036593465405,0.1335276673838747,0.0,0.0025,0.2375,0.0008989623371301564
149632,Holland Park School,Academies,Kensington and Chelsea,W8 7AF,Mixed,,38.0,-0.2,0.16581632653061226,-0.08504237295473079,-0.3018172706095438,0.12853092788899276,0.0025,0.00375,0.225,-0.033030613802017876
137995,St Mark's Catholic School,Academies,Hounslow,TW3 3EJ,Mixed,Non-selective,27.0,-0.01,0.19642857142857142,-0.0862409504430455,-0.3353119752867439,0.1613874184859119,0.01375,0.02,0.24625,0.24486811834804834
101362,Finchley Catholic High School,Local authority maintained schools,Barnet,N12 8TA,Boys,Non-selective,53.0,-0.11,0.1403061224489796,-0.08800405806117943,-0.2886651977636227,0.11320003460943392,0.0,0.00125,0.19625,0.15581995217980701
137678,The Hollyfield School and Sixth Form Centre,Academies,Kingston upon Thames,KT6 4TU,Mixed,Non-selective,18.0,-0.25,0.24234693877551022,-0.08896739778813473,-0.38773578176876133,0.20360954031840064,0.02375,0.025,0.28125,0.041497617559211976
138960,Sacred Heart Catholic School,Academies,Southwark,SE5 0RP,Mixed,Non-selective,22.0,-0.029999999999999995,0.21683673469387757,-0.08995971647763962,-0.34861808876331696,0.18004588854690154,0.0125,0.025,0.25,0.15863111594920715
135600,Ark Academy,Academies,Brent,HA9 9JR,Mixed,Non-selective,29.0,-0.2,0.18877551020408162,-0.09275401826495479,-0.33533463189738366,0.1563498357903925,0.0075,0.01,0.23875,0.08941046803179073
134693,Mossbourne Community Academy,Academies,Hackney,E5 8JY,Mixed,Non-selective,53.0,-0.13,0.1403061224489796,-0.09358268723678793,-0.28136846691436385,0.09953576308016789,0.0025,0.0025,0.1925,0.25799867632786705
100059,La Sainte Union Catholic Secondary School,Local authority maintained schools,Camden,NW5 1RP,Girls,Non-selective,16.0,-0.22,0.25510204081632654,-0.10222806858104842,-0.3948545025351884,0.19591794741655702,0.02625,0.03,0.25875,0.12199405864965372
132838,LaSWAP Sixth Form,Colleges,Camden,NW5 1RN,Mixed,Not applicable,88.0,-0.1,0.10969387755102039,-0.10447986029168119,-0.26019596800758044,0.04985443148112286,0.0,0.0,0.105,
136797,Carshalton High School for Girls,Academies,Sutton,SM5 2QX,Girls,Non-selective,33.0,-0.16,0.1760204081632653,-0.10508419788090449,-0.3442078791159197,0.1440447852582074,0.00125,0.0075,0.20625,0.12246629583149467
139276,Lift Kingsley,Academies,Hounslow,TW3 1AX,Mixed,Non-selective,7.0,0.43,0.38775510204081637,-0.107893759377734,-0.46868929046654845,0.2875962274911382,0.0525,0.0675,0.29875,0.05789342446369162
103106,Holy Family Catholic School,Local authority maintained schools,Waltham Forest,E17 3EA,Mixed,Non-selective,24.0,-0.11,0.2066326530612245,-0.11120646362952245,-0.36935077718738807,0.1625865666247708,0.005,0.01,0.22375,0.01664075300614454
141163,Woolwich Polytechnic School,Academies,Greenwich,SE28 8AT,Boys,Non-selective,25.0,-0.17,0.20408163265306117,-0.11262863357356036,-0.3860744944851531,0.14544906645661723,0.00875,0.01375,0.21125,-0.008368692389274946
140475,Loxford School,Academies,Redbridge,IG1 2UT,Mixed,Non-selective,49.0,-0.14,0.14540816326530612,-0.12147806457646987,-0.321167651020791,0.07618112449241703,0.00125,0.00125,0.13125,0.1706260137084339
140748,Ruislip High School,Academies,Hillingdon,HA4 0BY,Mixed,Non-selective,43.0,-0.18,0.1556122448979592,-0.12452822014107195,-0.3450314916405754,0.09872357735204704,0.0025,0.0025,0.14375,0.11109362567629726
101845,Croydon High School,Independent schools,Croydon,CR2 8YB,Girls,Not applicable,16.0,-0.18,0.25510204081632654,-0.125477836528342,-0.4216043020731471,0.16409006195168904,0.01,0.015,0.21125,
135507,Wren Academy Finchley,Academies,Barnet,N12 9HB,Mixed,Non-selective,43.0,-0.12000000000000001,0.1556122448979592,-0.12686922905279832,-0.3330280952792998,0.08589048193573483,0.0,0.00125,0.13625,0.12812199606871782
137009,Rivers Academy West London,Academies,Hounslow,TW14 9PE,Mixed,Non-selective,12.0,-0.27,0.29591836734693877,-0.12699184663813412,-0.4419288109653196,0.20505628942043438,0.02375,0.03125,0.25,-0.013294710304894491
137635,Vyners School,Academies,Hillingdon,UB10 8AB,Mixed,Non-selective,38.0,-0.21999999999999997,0.16581632653061226,-0.12753503787693496,-0.35950048475249424,0.10110742552065827,0.0,0.00125,0.1575,0.07106192327139582
138266,Reach Academy Feltham,Free Schools,Hounslow,TW13 4AB,Mixed,Non-selective,10.0,-0.21000000000000002,0.32142857142857145,-0.12868693935138004,-0.481438708806539,0.18865562794063867,0.02,0.02125,0.26375,0.12413898059056143
137198,Rooks Heath School,Academies,Harrow,HA2 9AH,Mixed,Non-selective,20.0,-0.34,0.2295918367346939,-0.13439634586741836,-0.4223067847423044,0.13392734645875431,0.01125,0.01375,0.18375,0.05948197944197503
102451,Harlington School,Local authority maintained schools,Hillingdon,UB3 1PB,Mixed,Non-selective,21.0,-0.24,0.2219387755102041,-0.1367982095444021,-0.40287456593108983,0.12804456167174624,0.0075,0.00875,0.18625,0.013687765811618634
136464,Orion Coopers,Academies,Bromley,BR7 5PS,Mixed,Non-selective,30.0,-0.18,0.18622448979591838,-0.13936979011268888,-0.38632217563628485,0.11151435390200344,0.0025,0.00375,0.1675,-0.04513036753865363
137928,"Gumley House RC Convent School, FCJ",Academies,Hounslow,TW7 6XF,Girls,Non-selective,58.0,-0.15,0.1326530612244898,-0.13983565762869848,-0.33865670105080264,0.04213736050128196,0.0,0.0,0.0975,0.15943488914865317
102053,St Anne's Catholic High School for Girls,Local authority maintained schools,Enfield,N13 5TY,Girls,Non-selective,11.0,-0.31,0.30612244897959184,-0.14108227616380004,-0.4758542777369475,0.21827706715693335,0.02875,0.035,0.22875,0.15377787779313143
102545,Gunnersbury Catholic School,Local authority maintained schools,Hounslow,TW8 9LB,Boys,Non-selective,38.0,-0.18,0.16581632653061226,-0.14249570397493763,-0.3592792484908598,0.07502620562000432,0.00125,0.00125,0.1275,0.09135846956701309
138312,Westminster City School,Academies,Westminster,SW1E 5HJ,Boys,Non-selective,33.0,-0.28,0.17857142857142858,-0.14772300275094932,-0.3785665536120146,0.08470884015820455,0.0025,0.005,0.125,0.024913207422548208
134798,London Academy,Academies,Barnet,HA8 8DE,Mixed,Non-selective,27.0,-0.04,0.19642857142857142,-0.14787673017599454,-0.3923440676112422,0.09653910519381606,0.00125,0.00125,0.1525,0.12739923947100673
138449,Harris Academy Greenwich,Academies,Greenwich,SE9 5EQ,Mixed,Non-selective,29.0,-0.23,0.18877551020408162,-0.14829879270906166,-0.393908358888416,0.09402870236088037,0.0,0.00125,0.14,0.05006164007871359
136914,Glenthorne High School,Academies,Sutton,SM3 9PS,Mixed,Non-selective,34.0,-0.22,0.1760204081632653,-0.15154706408926674,-0.3784777071238607,0.07964616088043384,0.0,0.0,0.1175,0.13764253183342873
100279,Stoke Newington School and Sixth Form,Local authority maintained schools,Hackney,N16 9EX,Mixed,Non-selective,55.0,-0.2,0.13775510204081634,-0.16010421312235812,-0.35140806662833296,0.03794618336102066,0.0,0.0,0.0725,0.06544877354572014
135762,Saint John Bosco College,Local authority maintained schools,Wandsworth,SW11 3DQ,Mixed,Non-selective,13.0,-0.31,0.2831632653061224,-0.16136822662528735,-0.4790165327085748,0.16693201278454936,0.015,0.0225,0.17875,0.03305347242294579
137789,Mulberry Academy Shoreditch,Academies,Tower Hamlets,E2 6NW,Mixed,Non-selective,42.0,-0.08,0.15816326530612246,-0.1630550897327852,-0.3734423959428021,0.04753109569043547,0.0,0.0,0.09125,0.00044773765828056534
102849,Caterham High School,Local authority maintained schools,Redbridge,IG5 0QW,Mixed,Non-selective,19.0,-0.07,0.23469387755102042,-0.1663327533519058,-0.4663282071838853,0.12126617637154373,0.0075,0.01,0.165,-0.04920424077447869
136711,Queensmead School,Academies,Hillingdon,HA4 0LS,Mixed,Non-selective,30.0,-0.26,0.18622448979591838,-0.16855678652108175,-0.4109513359537766,0.07729309583442572,0.0025,0.00375,0.10875,0.04801134579732864
143197,Edmonton County School,Academies,Enfield,N9 9JZ,Mixed,Non-selective,22.0,-0.27,0.21683673469387754,-0.17148482159491485,-0.4244981710988594,0.0999277310310356,0.00375,0.005,0.12,0.016302564373036465
138651,Orleans Park School,Academies,Richmond upon Thames,TW1 3BB,Mixed,Non-selective,25.0,-0.22,0.20408163265306123,-0.17488932195063733,-0.43656334495200816,0.09144330204589222,0.0,0.0,0.11125,0.1241593551808913
135416,Harris Federation Post 16,Colleges,Croydon,CR0 1LH,Mixed,Not applicable,216.0,-0.17999999999999997,0.06887755102040817,-0.17555199865918739,-0.2907347013659281,-0.06917523400561125,0.0,0.0,0.0025,
139364,Fulham Cross Academy,Academies,Hammersmith and Fulham,SW6 6SN,Mixed,Non-selective,22.0,-0.27,0.21938775510204078,-0.1773409477234803,-0.4684346473363616,0.11642683892079286,0.005,0.0075,0.14,0.005404836109030708
101244,Eastbury Community School,Local authority maintained schools,Barking and Dagenham,IG11 9UW,Mixed,Non-selective,45.0,-0.19,0.15051020408163265,-0.1817924192078401,-0.3838867688361211,0.019150172773573126,0.00125,0.00125,0.06125,0.05573955498307435
136785,Cheam High School,Academies,Sutton,SM3 8PW,Mixed,Non-selective,53.0,-0.25,0.1403061224489796,-0.186379635894681,-0.38231739560658706,0.012431122385369744,0.0,0.0,0.0475,-0.03619468498311374
144309,The Elmgreen School,Academies,Lambeth,SE27 9BZ,Mixed,Non-selective,15.0,-0.2700000000000001,0.2627551020408163,-0.19149878942717236,-0.4986132321580223,0.13358414115381262,0.00625,0.01,0.13375,-0.044800770167635645
140862,Michaela Community School,Free Schools,Brent,HA9 0UU,Mixed,Non-selective,18.0,-0.3,0.24234693877551022,-0.19202360907393148,-0.4921980661947924,0.11338075902317918,0.0075,0.01,0.1275,0.3995249540798522
100638,Bishop Thomas Grant Catholic Secondary School,Local authority maintained schools,Lambeth,SW16 2HY,Mixed,Non-selective,22.0,-0.4799999999999999,0.21683673469387757,-0.19363387430724877,-0.4529260145731418,0.08591031772574263,0.00125,0.00125,0.12125,0.17546516040959348
101161,Francis Holland School,Independent schools,Westminster,SW1W 8JF,Girls,Selective,17.0,-0.49,0.24744897959183673,-0.19482967455274924,-0.47404334039392015,0.07263629568961766,0.0,0.0,0.11625,
103009,The John Fisher School,Local authority maintained schools,Sutton,CR8 3YP,Boys,Non-selective,16.0,-0.5,0.25510204081632654,-0.19887197465638887,-0.49557012136198697,0.1121448960762934,0.00875,0.0125,0.13125,-0.019774145988178896
131897,Harris Academy Merton,Academies,Merton,CR4 1BP,Mixed,Non-selective,27.0,-0.27,0.19642857142857142,-0.20125047722187106,-0.4675914469915995,0.06077801764755849,0.0025,0.00375,0.08875,0.15274998497453254
143427,Harris Academy Orpington,Academies,Bromley,BR5 4LG,Mixed,,8.0,-0.28,0.3622448979591837,-0.20126943603242137,-0.5845843054070391,0.19755227437068557,0.03,0.035,0.19625,0.021528616517795012
134311,Oasis Academy Enfield,Academies,Enfield,EN3 7XH,Mixed,Non-selective,9.0,-0.33,0.3418367346938776,-0.2029208944041472,-0.5698197719470769,0.1560426167044889,0.015,0.0175,0.15875,-0.05448130754153089
132942,Sydenham and Forest Hill Sixth Form,Colleges,Lewisham,,Mixed,Not applicable,43.0,-0.29,0.1556122448979592,-0.20434086393702805,-0.4112104485329909,0.0010482904935254036,0.0,0.0,0.04625,
100050,Parliament Hill School,Local authority maintained schools,Camden,NW5 1RL,Girls,Non-selective,38.0,-0.17,0.16581632653061226,-0.2051713028481481,-0.43859861204223477,0.04218692297771543,0.0,0.0,0.0775,0.0684293809471648
145140,Harris Garrard Academy,Academies,Bexley,DA18 4DW,Mixed,,29.0,-0.3,0.18877551020408162,-0.21082217627051356,-0.4379080805155592,0.013820056142125241,0.00125,0.00125,0.05875,0.1296658857347727
137769,Townley Grammar School,Academies,Bexley,DA6 7AB,Girls,Selective,74.0,-0.26,0.11989795918367345,-0.21097962502448367,-0.3914470438822683,-0.04537449031034874,0.0,0.0,0.01375,0.15862492762620542
139369,St George's Catholic School,Academies,Westminster,W9 1RB,Mixed,Non-selective,18.0,-0.38,0.24234693877551022,-0.21162508763475277,-0.4766602318435711,0.07098028505304348,0.0025,0.005,0.0975,0.16247790991232933
136910,Tiffin School,Academies,Kingston upon Thames,KT2 6RL,Boys,Selective,41.0,-0.26,0.16071428571428573,-0.21357639290124653,-0.44421115575743103,0.0007501515761065415,0.0,0.00125,0.04,0.0637141841510629
137121,Harris Academy Beckenham,Academies,Bromley,BR3 3SJ,Mixed,Non-selective,21.0,-0.33,0.22193877551020408,-0.21438300246878397,-0.49175761480850805,0.06834531647528154,0.0,0.0,0.09,0.08600636887318584
144756,Mulberry UTC,Free Schools,Tower Hamlets,E3 2RU,Mixed,Non-selective,35.0,-0.09,0.17091836734693877,-0.21854610545539124,-0.4485945600041783,0.026495140234628713,0.0,0.0,0.06625,-0.0795458537864127
102449,Oak Wood School,Local authority maintained schools,Hillingdon,UB10 9HT,Mixed,Non-selective,31.0,-0.28,0.1836734693877551,-0.22027819043006808,-0.47238289283082985,0.04112663868939427,0.0,0.0,0.0675,-0.0916007666039761
100590,Woodmansterne School,Local authority maintained schools,Lambeth,SW16 5UQ,Mixed,Not applicable,12.0,-0.22,0.2933673469387755,-0.22035395873609345,-0.5963521187025805,0.11751950316027886,0.01,0.01625,0.14,0.02800932973354967
139842,Burntwood School,Academies,Wandsworth,SW17 0AQ,Girls,Non-selective,40.0,-0.21000000000000002,0.163265306122449,-0.2242869636663874,-0.4527932295088455,-0.01658964636586335,0.0,0.0,0.03125,0.09331006103987072
140884,Marylebone Academy,Free Schools,Westminster,W2 1QZ,Boys,Non-selective,19.0,-0.35,0.23469387755102042,-0.22535822762355232,-0.5031801713476314,0.06464385882475575,0.00125,0.00125,0.0825,0.03621365528039365
134369,Alec Reed Academy,Academies,Ealing,UB5 5LQ,Mixed,Non-selective,13.0,0.030000000000000002,0.2831632653061224,-0.2282515100671,-0.5339577470951443,0.07447039729703275,0.00375,0.005,0.09875,0.09971668089709265
136768,Uxbridge High School,Academies,Hillingdon,UB8 2PR,Mixed,Non-selective,12.0,-0.5,0.29336734693877553,-0.2291412722130232,-0.572823162770183,0.09136447357534692,0.00125,0.00125,0.11875,-0.000515380150884224
145708,Lammas School,Academies,Waltham Forest,E10 7LX,Mixed,Non-selective,6.0,-0.29,0.4183673469387756,-0.23017172571677022,-0.6505054600435093,0.20625786522179718,0.0325,0.03625,0.1975,-0.13570128536244558
149297,St Richard Reynolds Catholic High School,Academies,Richmond upon Thames,TW1 4LT,Mixed,Not applicable,34.0,-0.29,0.17346938775510207,-0.23387848712666773,-0.4678607624679249,-0.00947905960187223,0.0,0.0,0.03875,0.07543579027813321
100966,Langdon Park Community School,Local authority maintained schools,Tower Hamlets,E14 0RZ,Mixed,Non-selective,27.0,-0.21,0.19642857142857142,-0.2347653449575203,-0.48932425269196933,0.038354805109573335,0.0,0.0,0.06625,-0.0027446152374627037
138460,Teddington School,Academies,Richmond upon Thames,TW11 9PJ,Mixed,Non-selective,35.0,-0.32,0.1709183673469388,-0.23644982826581465,-0.4586911077792576,-0.01646424807885539,0.0,0.0,0.04,-0.039219435005163936
136267,Chadwell Heath Academy,Academies,Redbridge,RM6 4RS,Mixed,Non-selective,44.0,-0.29,0.1556122448979592,-0.24599089222471565,-0.466152373605921,-0.03316003226290263,0.0,0.0,0.0175,0.05590248154444231
101361,St Michael's Catholic Grammar School,Local authority maintained schools,Barnet,N12 7NJ,Girls,Selective,29.0,-0.39,0.1913265306122449,-0.24766404136483147,-0.5075515712930151,-0.0010234935841104207,0.0,0.00125,0.0475,0.11835876106428773
137233,Sacred Heart of Mary Girls' School,Academies,Havering,RM14 2QR,Girls,Non-selective,44.0,-0.25,0.15306122448979595,-0.24948867597201674,-0.46328602568475036,-0.03934200685616146,0.0,0.0,0.01625,0.17213226094058606
137829,Northwood School,Academies,Hillingdon,HA6 1QN,Mixed,Non-selective,15.0,-0.46,0.2653061224489796,-0.25040595109284675,-0.5634130774908137,0.06919523413716627,0.00125,0.00125,0.08625,0.13392141748768988
135073,Haberdashers' Hatcham College,Academies,Lewisham,SE14 5SF,Mixed,Non-selective,52.0,-0.35,0.14285714285714288,-0.25102585744448774,-0.4461821106703972,-0.0377347502778686,0.0,0.0,0.015,-0.009382571225400432
137060,Tolworth Girls' School and Sixth Form,Academies,Kingston upon Thames,KT6 7EY,Girls,Non-selective,41.0,-0.36,0.15816326530612246,-0.2532692260593282,-0.4596047655931912,-0.04567773863208163,0.0,0.0,0.0225,0.24823667768883428
100648,Streatham & Clapham High School GDST,Independent schools,Lambeth,SW16 1AW,Girls,Selective,22.0,-0.3,0.21938775510204078,-0.2539632439598846,-0.53276129492922,0.00014216221537836354,0.0,0.0025,0.04625,
136656,Claremont High School,Academies,Brent,HA3 0UH,Mixed,Non-selective,28.0,-0.37,0.19387755102040818,-0.2554191992367324,-0.5090875159138752,0.003315061566279333,0.0,0.0,0.03875,0.05217221172129271
100849,St Saviour's and St Olave's Church of England School,Local authority maintained schools,Southwark,SE1 4AN,Girls,Non-selective,7.0,-0.36,0.38520408163265313,-0.2596991929534223,-0.6666681587201209,0.13901228022651999,0.01,0.01625,0.13625,0.10391284569654696
143706,Harris Academy Sutton,Free Schools,Sutton,SM2 5RD,Mixed,Non-selective,32.0,-0.38,0.18112244897959184,-0.26013575653931936,-0.5154707633146597,-0.0037815974803714655,0.0,0.0,0.04,0.09389944532715411
139319,Preston Manor School,Academies,Brent,HA9 8NA,Mixed,Non-selective,37.0,-0.33,0.16836734693877553,-0.2634859879671147,-0.5040385864603951,-0.03907403709969939,0.0,0.0,0.02375,0.062027217529354105
102058,St Ignatius College,Local authority maintained schools,Enfield,EN1 4NP,Boys,Non-selective,43.0,-0.34,0.1556122448979592,-0.27384472162309653,-0.5018038480677628,-0.049993783501571236,0.00125,0.00125,0.02125,0.1328892063309175
137685,Kingsbury High School,Academies,Brent,NW9 9JR,Mixed,Non-selective,35.0,-0.38,0.17346938775510204,-0.27595543234738595,-0.5035139574233287,-0.035257749040178275,0.0,0.0,0.01875,0.011073791397347241
144502,The Totteridge Academy,Academies,Barnet,N20 8AZ,Mixed,,18.0,-0.62,0.23979591836734693,-0.27807687710884743,-0.5765858723051209,0.018205555464814796,0.005,0.00625,0.05625,0.22077235025467012
100055,Maria Fidelis Catholic School FCJ,Local authority maintained schools,Camden,NW1 1LY,Mixed,Non-selective,18.0,-0.35,0.24234693877551022,-0.2807581133229487,-0.5615967986519109,0.00814970304261379,0.00125,0.0025,0.05125,-0.1104085692763739
136466,Bishop Justus CofE School,Academies,Bromley,BR2 8HZ,Mixed,Non-selective,22.0,-0.36,0.21683673469387757,-0.28108376536435353,-0.557911625312192,-0.01083939330961317,0.0,0.0,0.03625,-0.10864964657760633
137379,Harris Girls Academy Bromley,Academies,Bromley,BR3 1QR,Girls,Non-selective,34.0,-0.35,0.17346938775510204,-0.28136184027377664,-0.517952786849903,-0.056897347046380824,0.0,0.0,0.01875,0.19957134648527247
130421,Capital City College,Colleges,Camden,WC1X 8RA,Mixed,Not applicable,200.0,-0.27,0.07397959183673469,-0.2816253984336091,-0.3940386754485328,-0.17735463292059367,0.0,0.0,0.0,
136355,Darrick Wood School,Academies,Bromley,BR6 8ER,Mixed,Non-selective,26.0,-0.42,0.20153061224489793,-0.28270561690088364,-0.5301535309391682,-0.011756433968654683,0.0,0.0,0.03875,-0.03100793887715601
130411,St Charles Catholic Sixth Form College,Colleges,Kensington and Chelsea,W10 6EY,Mixed,Not applicable,23.0,-0.62,0.21173469387755103,-0.29398488130508715,-0.554791018257321,-0.03375483447904303,0.0,0.0,0.02875,
140575,Beal High School,Academies,Redbridge,IG4 5LP,Mixed,Non-selective,83.0,-0.31,0.11224489795918369,-0.2940522948514404,-0.46064178901551217,-0.1304028424704591,0.0,0.0,0.0,0.04840930388504582
136586,Langley Park School for Boys,Academies,Bromley,BR3 3BP,Boys,Non-selective,52.0,-0.36,0.14285714285714288,-0.29849115837539303,-0.506724399244066,-0.07888342332509436,0.0,0.0,0.00875,0.04422803865273164
101928,Villiers High School,Local authority maintained schools,Ealing,UB1 3BT,Mixed,Non-selective,30.0,-0.35,0.18622448979591838,-0.29904240155772094,-0.5594968574852807,-0.0523957778948879,0.0,0.0,0.025,0.004544435340610974
137299,Richard Challoner School,Academies,Kingston upon Thames,KT3 5PE,Boys,Non-selective,52.0,-0.38,0.14285714285714288,-0.29922527727120035,-0.5108156577881107,-0.09226819963860329,0.0,0.0,0.00375,0.0726227824240684
100861,Dulwich College,Independent schools,Southwark,SE21 7LD,Mixed,Not applicable,18.0,-0.63,0.23979591836734693,-0.3044317658377924,-0.5683744661398715,-0.036753058778410966,0.0,0.0,0.02375,
136720,Welling School,Academies,Bexley,DA16 1LB,Mixed,Non-selective,16.0,-0.31,0.25510204081632654,-0.3064428247770962,-0.6386457738947121,0.03852214981313701,0.0,0.0,0.0625,-0.14870422921989268
100544,David Game College,Independent schools,City of London,EC3N 2ET,Mixed,Non-selective,7.0,-0.01,0.3852040816326531,-0.3070736658917832,-0.6280689155343233,0.011787571598115517,0.00125,0.00125,0.055,
100967,Morpeth School,Local authority maintained schools,Tower Hamlets,E2 0PX,Mixed,Non-selective,21.0,-0.22,0.22193877551020408,-0.3116475512423238,-0.5812778134636939,-0.02286028443920536,0.0,0.00125,0.03625,0.13443884710582435
136522,Cranford Community College,Academies,Hounslow,TW5 9PD,Mixed,Non-selective,46.0,-0.37,0.15051020408163268,-0.3145642808823759,-0.5296284413819269,-0.11357456603600921,0.0,0.0,0.005,0.11397606121986696
102679,Rutlish School,Local authority maintained schools,Merton,SW20 9AD,Boys,Non-selective,23.0,-0.46,0.211734693877551,-0.3205321883702721,-0.6051069857478102,-0.038411635121831766,0.0,0.0,0.02875,0.08233355478055454
141309,Leigh Stationers' Academy,Academies,Greenwich,SE9 2PT,Mixed,Non-selective,43.0,-0.34,0.1556122448979592,-0.3265589142397441,-0.5399172335499096,-0.11274901070698845,0.0,0.0,0.00875,-0.03060608943784203
136203,The Quest Academy,Academies,Croydon,CR2 8HD,Mixed,Non-selective,17.0,-0.54,0.24744897959183673,-0.32939515489801857,-0.6231780887070298,-0.04544494643106346,0.0025,0.0025,0.0275,-0.04462334535006367
145126,Harris Academy St John's Wood,Academies,Westminster,NW8 0NL,Mixed,,40.0,-0.45,0.16071428571428573,-0.33562887606248376,-0.5528519682385179,-0.11559810312923556,0.0,0.0,0.01125,0.09832723044847805
140952,Harris Invictus Academy Croydon,Free Schools,Croydon,CR0 2TB,Mixed,,18.0,-0.33,0.23979591836734693,-0.33638887296197645,-0.6547376698620858,-0.059115442070655715,0.00125,0.0025,0.0275,0.006674036156690433
139363,Haringey Sixth Form College,Academies,Haringey,N17 8HR,Mixed,Not applicable,15.0,-0.16,0.2653061224489796,-0.3385702461751384,-0.6339118871485863,-0.03689685888032966,0.0,0.0,0.03,
136538,"Trinity Church of England School, Belvedere",Academies,Bexley,DA17 6HT,Mixed,Non-selective,14.0,-0.65,0.27295918367346933,-0.34177425353769136,-0.6621905484268419,-0.03494040007099904,0.00125,0.00125,0.03,-0.12796128484338357
130912,Paddington Academy,Academies,Westminster,W9 2DR,Mixed,Non-selective,26.0,-0.49,0.20153061224489793,-0.3459938700551946,-0.602284247236247,-0.08989907219734328,0.0,0.0,0.00875,0.13387775899059523
143379,St Paul's Way Trust School,Academies,Tower Hamlets,E3 4FT,Mixed,Non-selective,26.0,-0.53,0.20153061224489793,-0.3513692037434265,-0.6095055937876399,-0.0923595214060598,0.0,0.00125,0.0125,0.1307816521430154
130418,New City College,Colleges,Tower Hamlets,E14 0AF,Mixed,Not applicable,202.0,-0.36,0.07142857142857144,-0.3565193539018845,-0.46866610917439794,-0.2427324126498848,0.0,0.0,0.0,
139989,The Green School for Girls,Academies,Hounslow,TW7 5BB,Girls,Non-selective,21.0,-0.48,0.22448979591836735,-0.3573649177927083,-0.6306275647507275,-0.08716139569622797,0.0,0.0,0.0125,0.14595263805128708
142903,London Design and Engineering UTC,Free Schools,Newham,E16 2RD,Mixed,,8.0,-0.51,0.3622448979591837,-0.3584285755705793,-0.71369964765263,-0.004535519325014016,0.0,0.00125,0.0475,-0.11501032692547562
100642,London Nautical School,Local authority maintained schools,Lambeth,SE1 9NA,Boys,Non-selective,6.0,0.0,0.4183673469387755,-0.36125135563429017,-0.7475777566306275,0.016083078025857445,0.005,0.005,0.05875,-0.11247370818740533
136545,Charles Darwin School,Academies,Bromley,TN16 3AU,Mixed,Non-selective,20.0,-0.4699999999999999,0.2295918367346939,-0.36632652716478115,-0.6596688270376391,-0.07148877475357579,0.0,0.0,0.02,-0.047429723699577625
141135,The Fulham Boys School,Free Schools,Hammersmith and Fulham,SW6 5BD,Boys,,26.0,-0.59,0.20153061224489793,-0.3679119901188831,-0.6247824885245911,-0.11091877596861142,0.0,0.0,0.00875,0.19750659284146174
144700,Mulberry Stepney Green Mathematics and Computing College,Academies,Tower Hamlets,E1 4SD,Mixed,Non-selective,28.0,-0.48,0.19387755102040818,-0.3687770591327275,-0.610017187645929,-0.12296370211511207,0.0,0.0,0.00875,0.029776000224566623
101943,Islip Manor High School,Local authority maintained schools,Ealing,UB5 4HP,Mixed,Non-selective,6.0,-0.31,0.4183673469387755,-0.38164061015717005,-0.7920929140493016,0.012642027989673543,0.00625,0.00625,0.05375,-0.04522090893165945
100056,William Ellis School,Local authority maintained schools,Camden,NW5 1RN,Boys,Non-selective,15.0,-0.52,0.2627551020408163,-0.38598927376009934,-0.6880968389618337,-0.0823814392533944,0.00125,0.00125,0.0225,-0.047670937165764024
142126,Space Studio West London,Free Schools,Hounslow,TW14 9PE,Mixed,Non-selective,6.0,-0.45,0.4183673469387756,-0.3917585693526564,-0.8057990023188362,0.01927835271550232,0.00625,0.0075,0.055,-0.19808963845971925
102856,Seven Kings School,Local authority maintained schools,Redbridge,IG2 7BT,Mixed,Non-selective,40.0,-0.52,0.16326530612244897,-0.39433587019748034,-0.6156068431458289,-0.18471444061235812,0.0,0.0,0.00125,0.21585027315180916
149898,Leigh Academy Bexley,Academies,Bexley,DA8 3BN,Mixed,,7.0,-0.57,0.3852040816326531,-0.40962411085552863,-0.8490833665918969,0.008431378370600645,0.0,0.0,0.045,-0.17069218232883002
146318,Ark Acton Academy,Academies,Ealing,W3 8EY,Mixed,Non-selective,21.0,-0.53,0.22193877551020408,-0.4148600957957991,-0.6931599966314309,-0.1488103751322718,0.00125,0.00125,0.00875,0.02101029223069731
138825,Grey Court School,Academies,Richmond upon Thames,TW10 7HN,Mixed,Non-selective,47.0,-0.55,0.14795918367346939,-0.4255605614899059,-0.6319265935581582,-0.21802889580580842,0.0,0.0,0.0,0.14993042007840812
102936,St Catherine's School,Independent schools,Richmond upon Thames,TW1 4QJ,Girls,Not applicable,8.0,-0.97,0.3622448979591837,-0.4332900160986328,-0.8021864904252549,-0.04941918772186756,0.0025,0.00375,0.04125,
137138,Lift Bexleyheath,Academies,Bexley,DA6 7DA,Mixed,Non-selective,25.0,-0.47,0.20408163265306123,-0.4419974182621074,-0.6993783627710609,-0.1821133132224741,0.0,0.0,0.00125,-0.06790134203995722
100171,Saint Mary Magdalene Church of England All Through School,Local authority maintained schools,Greenwich,SE18 5PW,Mixed,Non-selective,35.0,-0.48999999999999994,0.17346938775510204,-0.4556826412939091,-0.6773763064392444,-0.23022762411067182,0.0,0.0,0.0,-0.016789314573322115
133545,William Morris Sixth Form,Local authority maintained schools,Hammersmith and Fulham,W6 8RB,Mixed,Not applicable,32.0,-0.56,0.18112244897959184,-0.45578048276327876,-0.6917257682195972,-0.21571022228903575,0.0,0.0,0.0,
131310,Elthorne Park High School,Local authority maintained schools,Ealing,W7 2AH,Mixed,Non-selective,30.0,-0.61,0.18622448979591838,-0.4570086655931672,-0.698672477380033,-0.21034129290008938,0.0,0.0,0.0,0.03873668286788247
135249,Harris Academy South Norwood,Academies,Croydon,SE25 6AE,Mixed,Non-selective,37.0,-0.4799999999999999,0.16836734693877553,-0.4613105267077114,-0.6953661010878815,-0.22735898645222616,0.0,0.0,0.0,0.02970461272617405
130416,Christ The King Sixth Form College,Colleges,Lewisham,SE13 5GE,Mixed,Not applicable,92.0,-0.51,0.10714285714285712,-0.4692839093881158,-0.6247061974241636,-0.3150089031472547,0.0,0.0,0.0,
100745,Forest Hill School,Local authority maintained schools,Lewisham,SE23 2XN,Boys,Non-selective,14.0,-0.76,0.2729591836734694,-0.4912045227952829,-0.7907224913261901,-0.1850787292326656,0.0,0.0,0.005,0.060619633859699054
137040,The Campion School,Academies,Havering,RM11 3BX,Boys,Non-selective,54.0,-0.58,0.13775510204081634,-0.4950954461819662,-0.6851558761241551,-0.3082415023783403,0.0,0.0,0.0,0.09012350921301683
139095,Brentford School for Girls,Academies,Hounslow,TW8 0PG,Girls,Non-selective,12.0,-0.59,0.29591836734693877,-0.49666140492251754,-0.8010746738037648,-0.14601088458844463,0.00125,0.00125,0.0175,0.20971753298246726
136467,Chislehurst School for Girls,Academies,Bromley,BR7 6HE,Girls,Non-selective,30.0,-0.51,0.18622448979591838,-0.49808010119088914,-0.7522838105406615,-0.2516962439981297,0.0,0.0,0.0,0.0841711498052452
131747,Harris Academy Bermondsey,Academies,Southwark,SE16 3TZ,Girls,Non-selective,21.0,-0.55,0.22448979591836735,-0.4982214386835912,-0.786666848595602,-0.23188462873355348,0.0,0.0,0.0,0.12560399367175404
137917,Southborough High School,Academies,Kingston upon Thames,KT6 5AS,Boys,Non-selective,16.0,-0.79,0.25510204081632654,-0.5083634602488822,-0.7924123585527163,-0.20014351397254299,0.0,0.0,0.005,0.009055673885528222
137645,Hendon School,Academies,Barnet,NW4 2HP,Mixed,Non-selective,22.0,-0.7400000000000001,0.21938775510204078,-0.5094551940927223,-0.7614775168625786,-0.22624535649320196,0.0,0.0,0.0025,-0.04064456743854379
137418,The Ursuline Academy Ilford,Academies,Redbridge,IG1 4JU,Girls,Non-selective,14.0,-0.62,0.27295918367346933,-0.5417176001155198,-0.8475977855006572,-0.2180377396434221,0.0,0.0,0.0,0.18596765602430965
102860,Trinity Catholic High School,Local authority maintained schools,Redbridge,IG8 0TP,Mixed,Non-selective,38.0,-0.68,0.16581632653061226,-0.5473253124906496,-0.7669305486885343,-0.31411349836400443,0.0,0.0,0.0,0.022973638256370346
101683,Bishop Challoner School,Independent schools,Bromley,BR2 0BS,Mixed,Selective,6.0,-0.26,0.4158163265306123,-0.5601467914414971,-0.9229094100045242,-0.20872184868677107,0.0,0.0,0.0075,
149543,Ernest Bevin Academy,Academies,Wandsworth,SW17 7DF,Boys,Non-selective,17.0,-0.78,0.24744897959183673,-0.5618247587548802,-0.8769061107583864,-0.2554880984369308,0.0,0.0,0.00375,0.01583260670173129
144739,Bobby Moore Academy,Free Schools,Newham,E20 2AE,Mixed,Non-selective,20.0,-0.54,0.2270408163265306,-0.5992812381635869,-0.8560093872388839,-0.33222900663592164,0.0,0.0,0.0,-0.04133955194397732
130425,Barnet and Southgate College,Colleges,Barnet,EN5 4AZ,Mixed,Not applicable,57.0,-0.68,0.13520408163265307,-0.6004434482969717,-0.7937490850734532,-0.40496767040276566,0.0,0.0,0.0,
133444,Ealing Independent College,Independent schools,Ealing,W5 5AL,Mixed,Non-selective,13.0,-0.59,0.2831632653061224,-0.6077429665401329,-0.900516480629485,-0.32531713494749753,0.0,0.0,0.0,
142727,Southgate School,Academies,Enfield,EN4 0BL,Mixed,Non-selective,36.0,-0.83,0.17091836734693877,-0.6125360544895401,-0.8606330957409188,-0.3785604224199769,0.0,0.0,0.0,0.06719215658084364
145944,St Edward's Church of England Academy,Academies,Havering,RM7 9NX,Mixed,,16.0,-0.66,0.2551020408163265,-0.6188343364186566,-0.9348892603843417,-0.33100349873091595,0.0,0.0,0.00125,0.024751284211658033
135070,Haberdashers' Knights Academy,Academies,Lewisham,BR1 5EB,Mixed,Non-selective,9.0,-0.98,0.34183673469387754,-0.6427844318555646,-1.0279817246051823,-0.2715022015540153,0.0,0.0,0.005,-0.006621639083916947
130452,Newham Sixth Form College,Colleges,Newham,E13 8SG,Mixed,Not applicable,64.0,-0.73,0.12755102040816327,-0.672980240926535,-0.8491511496839892,-0.4943768781591271,0.0,0.0,0.0,
138966,Shooters Hill Sixth Form College,Academies,Greenwich,SE18 4LD,Mixed,Not applicable,17.0,-0.96,0.24744897959183673,-0.6749462652807481,-0.9524306321336222,-0.3947488764698394,0.0,0.0,0.0,
144515,The Green School for Boys,Free Schools,Hounslow,TW7 6AU,Boys,,7.0,-1.26,0.385204081632653,-0.6831664092500688,-1.0742688036102481,-0.2979132465486182,0.0,0.0,0.00375,0.01242844473045856
138686,Cleeve Park School,Academies,Bexley,DA14 4JN,Mixed,Non-selective,23.0,-0.8700000000000001,0.2142857142857143,-0.6938254444533097,-0.9796908287510603,-0.4233676859038984,0.0,0.0,0.0,-0.05069398952997364
130432,Croydon College,Colleges,Croydon,CR9 1DX,Mixed,Not applicable,18.0,-0.82,0.23979591836734693,-0.7081617885607246,-0.9737754574853155,-0.41329088596648617,0.0,0.0,0.0,
138196,Oasis School 21,Free Schools,Newham,E15 4RZ,Mixed,Non-selective,50.0,-0.81,0.14540816326530615,-0.7240257101061899,-0.9237138655380056,-0.5428627645223777,0.0,0.0,0.0,-0.041227199184694745
136329,Guru Nanak Sikh Academy,Academies,Hillingdon,UB4 0LT,Mixed,Non-selective,39.0,-0.8,0.16326530612244902,-0.7585656981341028,-0.9725456558943566,-0.5440887379250233,0.0,0.0,0.0,-0.02669430559870998
130422,St Francis Xavier Sixth Form College,Colleges,Wandsworth,SW12 8EN,Mixed,Not applicable,74.0,-0.89,0.11989795918367344,-0.7592141205505836,-0.9336009361761857,-0.576092543274217,0.0,0.0,0.0,
135090,Oak Heights Independent School,Independent schools,Hounslow,TW3 1JS,Mixed,Not applicable,10.0,-1.2,0.3239795918367347,-1.001580622947255,-1.2959791140817,-0.6636310522346079,0.0,0.0,0.0,
130423,United Colleges Group,Colleges,Westminster,W2 1NB,Mixed,Not applicable,29.0,-1.0,0.18877551020408168,-1.0306695732122875,-1.2746574569775904,-0.7875232733610302,0.0,0.0,0.0,
136450,Platanos College,Academies,Lambeth,SW9 0AL,Mixed,Non-selective,15.0,-1.6,0.2653061224489796,-1.2238647698540839,-1.5748896410098527,-0.8818072938702044,0.0,0.0,0.0,-0.05961894037031585
