URN,name,type,borough,subjects with P > 0.8,estimate [Maths],P(top fifth) [Maths],entries [Maths],estimate [Economics],P(top fifth) [Economics],entries [Economics],estimate [Psychology],P(top fifth) [Psychology],entries [Psychology]
149733,Imperial College London Mathematics School,Free Schools,Barnet,1,0.9406592681697014,1.0,43.0,,,,,,
140564,King's College London Maths School,Free Schools,Lambeth,1,0.8178304459056598,1.0,76.0,,,,,,
137539,Hasmonean High School for Boys,Academies,Barnet,1,0.7568099769685332,0.99875,35.0,0.3423252967609538,0.6725,31.0,0.3630389106968238,0.6325,15.0
137221,Drayton Manor High School,Academies,Ealing,2,0.7184855477635449,1.0,53.0,0.18436434429120666,0.3,20.0,0.5553126770372916,0.97375,40.0
140985,Harris Academy Battersea,Academies,Wandsworth,1,0.7060050754268384,0.99125,27.0,-0.04198399509569325,0.05125,12.0,,,
137094,Enfield Grammar School,Academies,Enfield,1,0.6935502349786353,0.97375,10.0,0.36691312147667504,0.67125,18.0,,,
100051,Regent High School,Local authority maintained schools,Camden,1,0.61155547020481,0.9575,22.0,0.39120661218117403,0.74,20.0,-0.025026462291749017,0.07875,10.0
137018,Kneller Hall School,Independent schools,Richmond upon Thames,3,0.6110583607887092,0.945,14.0,0.8051867440174502,0.99875,10.0,0.5369201239143362,0.905,12.0
137729,Featherstone High School,Academies,Ealing,1,0.6050417959612324,0.995,52.0,0.19058054295085106,0.25625,34.0,0.12216442508404544,0.12375,38.0
138227,Avanti House School,Free Schools,Harrow,1,0.5998762273963149,1.0,85.0,0.3372053690403658,0.67,39.0,0.23366575637520534,0.315,52.0
101241,"Barking Abbey School, A Specialist Sports and Humanities College",Local authority maintained schools,Barking and Dagenham,2,0.5648776889728542,0.9925,66.0,0.5822881425254858,0.9875,41.0,0.1671737488462969,0.175,44.0
141963,Turing House School,Free Schools,Richmond upon Thames,2,0.5635278943237091,0.96125,26.0,0.21298905421154524,0.34875,23.0,0.5168647499628704,0.91,24.0
143759,Harris Rainham Sixth Form,Free Schools,Havering,1,0.5605098018649691,0.965,34.0,0.26231146944378164,0.45125,15.0,0.2822184964324921,0.50375,28.0
138518,Ark Isaac Newton Academy,Academies,Redbridge,3,0.556039183428425,0.975,46.0,0.6041283438753561,0.9925,44.0,0.7615453069877742,0.99625,28.0
137299,Richard Challoner School,Academies,Kingston upon Thames,1,0.5300922141340105,0.96,45.0,-0.22326736419248439,0.0,31.0,-0.29922527727120035,0.0,52.0
143659,"City of London Academy, Highgate Hill",Free Schools,Islington,3,0.5180271839259032,0.87875,12.0,0.625378442989091,0.955,10.0,0.7550240555175047,0.975,11.0
140966,Trinity Academy,Free Schools,Lambeth,1,0.4961277885933062,0.82875,7.0,0.26394986579801516,0.475,9.0,,,
134226,Harris Lowe Academy Willesden,Academies,Brent,2,0.48237997479847167,0.9,26.0,0.10070990787328839,0.175,16.0,0.5255724829034899,0.8875,15.0
135747,JCoSS,Local authority maintained schools,Barnet,1,0.47560807268408195,0.93875,55.0,0.12050882597680898,0.1325,37.0,0.33127561388060317,0.62,32.0
136669,Brampton Manor Academy,Academies,Newham,2,0.4724107519806553,0.99875,280.0,0.2538296328003037,0.41375,78.0,0.7353225944773562,1.0,89.0
133405,Oaks Park High School,Local authority maintained schools,Redbridge,1,0.4692291430572388,0.9025,42.0,0.11480640542834784,0.145,25.0,0.34056903881224854,0.65125,45.0
103009,The John Fisher School,Local authority maintained schools,Sutton,1,0.46476517397647044,0.87,34.0,0.33805295128102375,0.60875,14.0,-0.19887197465638887,0.00875,16.0
136298,The Charter School North Dulwich,Academies,Southwark,2,0.4620177664180401,0.9325,66.0,0.24650591940419822,0.4125,23.0,0.42051470441716066,0.8625,57.0
137558,Highams Park School,Academies,Waltham Forest,1,0.4615450721854296,0.905,44.0,0.011877579024968643,0.04875,26.0,0.31761136081732055,0.55875,21.0
136341,Lampton Academy,Academies,Hounslow,1,0.4512881564305042,0.94,80.0,0.36066174464248585,0.74875,45.0,0.3089856497897221,0.5725,46.0
100202,Colfe's School,Independent schools,Greenwich,1,0.4468403497009173,0.9125,53.0,0.27881200989662486,0.50375,34.0,0.07534534428091838,0.14625,9.0
149632,Holland Park School,Academies,Kensington and Chelsea,1,0.4446454968932926,0.855,26.0,0.11795494574520231,0.14375,24.0,-0.08504237295473079,0.0025,38.0
136787,Sutton Grammar School,Academies,Sutton,1,0.4383061235213782,0.9775,151.0,0.0005752673283782547,0.0275,30.0,0.10556704735658705,0.1175,26.0
101367,Mill Hill Schools,Independent schools,Barnet,3,0.43321672733440036,0.87875,57.0,0.5774576455452466,0.985,25.0,0.48290411267093075,0.925,43.0
142178,The Charter School East Dulwich,Free Schools,Southwark,2,0.43205021427771156,0.85875,50.0,0.24513805610111575,0.43,21.0,0.5340441483416889,0.96875,41.0
102692,Wimbledon High School GDST,Independent schools,Merton,1,0.42104255657023054,0.85625,47.0,0.3189643274829263,0.5825,14.0,0.3114852504150768,0.54,12.0
133724,JFS,Local authority maintained schools,Brent,3,0.4193501654372478,0.92375,104.0,0.5192193614468721,0.98625,64.0,0.42838222080760024,0.8825,66.0
102942,St Paul's School,Independent schools,Richmond upon Thames,2,0.4149203461052122,0.9675,175.0,0.4937696891988626,0.9875,77.0,,,
100965,Bow School,Local authority maintained schools,Tower Hamlets,1,0.40901997884550895,0.79375,34.0,0.5481887658376169,0.94,18.0,0.32751357685297916,0.57,8.0
100974,George Green's School,Local authority maintained schools,Tower Hamlets,1,0.4073096300277453,0.79,34.0,0.5444053180490799,0.9375,18.0,0.28991035815432853,0.50625,16.0
130446,"HRUC (Harrow, Richmond & Uxbridge Colleges)",Colleges,Hillingdon,1,0.4035604442570995,0.82,47.0,0.04878109085497477,0.06875,19.0,0.32038910420066186,0.5725,56.0
101361,St Michael's Catholic Grammar School,Local authority maintained schools,Barnet,1,0.40305719438852433,0.85125,58.0,-0.014866127959734063,0.0275,25.0,-0.24766404136483147,0.0,29.0
102619,Kingston Grammar School,Independent schools,Kingston upon Thames,1,0.4018823784670494,0.85875,78.0,0.24021614403942235,0.3825,40.0,0.29857721432374257,0.53,30.0
101369,The King Alfred School,Independent schools,Barnet,1,0.4015605602549245,0.73375,11.0,0.6113820998029919,0.95875,10.0,0.4429355520594913,0.77,10.0
100547,Lycee Francais Charles de Gaulle,Independent schools,Kensington and Chelsea,0,0.3940963056078962,0.75375,23.0,-0.07617055718345137,0.04625,9.0,,,
102854,Woodbridge High School,Local authority maintained schools,Redbridge,1,0.3913212421021992,0.85625,88.0,0.31532735434788467,0.59875,43.0,0.20228339177460067,0.25625,40.0
137177,Harrow High School,Academies,Harrow,0,0.3875721006315361,0.70625,17.0,,,,0.24305696663962187,0.4175,13.0
136644,Hayes School,Academies,Bromley,1,0.38170383455530027,0.815,63.0,0.0628325896205334,0.02375,63.0,0.20985468886252703,0.25125,52.0
100284,The Urswick School - A Church of England Secondary School,Local authority maintained schools,Hackney,0,0.37827712347950593,0.67875,12.0,0.3435578720328998,0.60375,6.0,0.1849719201103492,0.31375,10.0
141808,Saint Cecilia's Church of England School,Academies,Wandsworth,0,0.3779994904386987,0.7525,37.0,,,,0.22045746607096844,0.3475,26.0
100754,St Dunstan's College,Independent schools,Lewisham,1,0.3724899442625558,0.7525,31.0,0.5239627967016621,0.93625,18.0,0.3047798931029205,0.53125,11.0
147439,The John Roan School,Academies,Greenwich,0,0.36405360806381126,0.7325,38.0,-0.033337182749908545,0.02125,20.0,0.04142094556265386,0.075,20.0
100521,More House School,Independent schools,Kensington and Chelsea,0,0.36363243430192066,0.62875,6.0,,,,,,
139815,Ark John Keats Academy,Free Schools,Enfield,0,0.3630031043658128,0.64875,9.0,0.26056425189953186,0.47375,8.0,0.2766799716802106,0.4875,15.0
136290,"Queen Elizabeth's School, Barnet",Academies,Barnet,1,0.35578158919194025,0.84,162.0,0.27120997578630585,0.47875,52.0,,,
136910,Tiffin School,Academies,Kingston upon Thames,1,0.344263488891806,0.8275,219.0,0.0813520854337465,0.01875,88.0,-0.21357639290124653,0.0,41.0
137531,Alexandra Park School,Academies,Haringey,0,0.342281358688619,0.75125,97.0,0.1575431843140539,0.11375,65.0,0.39099190531485123,0.795,61.0
102950,The Harrodian School,Independent schools,Richmond upon Thames,0,0.33998370623106394,0.67125,41.0,0.2737207813970823,0.4925,23.0,0.13360400470980355,0.155,23.0
103022,Sutton High School GDST,Independent schools,Sutton,0,0.3366139853112247,0.635,17.0,,,,0.2644438260757399,0.44375,11.0
102247,The John Lyon School,Independent schools,Harrow,1,0.33210457076096556,0.6325,27.0,0.4565509971523865,0.8725,27.0,,,
136798,Wallington County Grammar School,Academies,Sutton,1,0.3297432047187124,0.74625,158.0,0.41111600033331,0.89125,75.0,,,
100757,Sydenham & Dulwich Girls GDST,Independent schools,Lewisham,1,0.3293327715241425,0.60875,7.0,0.5491310573055932,0.90625,7.0,0.3831081230485458,0.6575,8.0
100537,Ashbourne College,Independent schools,Kensington and Chelsea,0,0.3242773956066034,0.63,31.0,0.36379722387445396,0.69625,15.0,0.2587879430718795,0.42,21.0
100370,Latymer Upper School and Latymer Prep,Independent schools,Hammersmith and Fulham,1,0.32340474190804547,0.6925,114.0,0.5985477928165684,0.995,57.0,,,
140935,Harris Academy Tottenham,Free Schools,Haringey,1,0.3220904350530377,0.60375,24.0,0.45371380253910376,0.85125,23.0,0.19596130348519655,0.2825,18.0
136750,West London Free School,Free Schools,Hammersmith and Fulham,0,0.3197764360190622,0.66375,61.0,0.24270038747117317,0.40875,19.0,-0.05523517337609649,0.0275,21.0
143385,Norlington School and 6th Form,Academies,Waltham Forest,0,0.31759195919820454,0.6175,38.0,0.03768670947792114,0.1225,12.0,,,
101064,Ibstock Place School,Independent schools,Wandsworth,0,0.31701505855348083,0.6375,58.0,0.2154958172366344,0.32875,31.0,0.18233684787731474,0.24125,24.0
101934,The Cardinal Wiseman Catholic School,Local authority maintained schools,Ealing,0,0.3134057754954667,0.64375,83.0,0.00589230617315305,0.03625,24.0,0.13566899275237435,0.105,60.0
139659,Oasis Academy South Bank,Free Schools,Lambeth,1,0.31133260140854285,0.58,31.0,0.2382718975842827,0.4125,25.0,0.4719918590251783,0.8875,28.0
132256,Highlands School,Local authority maintained schools,Enfield,1,0.3078479378968304,0.61625,52.0,0.295139055578564,0.55125,31.0,0.5766528852814987,0.98625,44.0
102929,Christ's Church of England Comprehensive Secondary School,Local authority maintained schools,Richmond upon Thames,0,0.30511587163551945,0.5775,30.0,0.14816727442706504,0.2275,21.0,0.0823075051332761,0.16,9.0
101071,Emanuel School,Independent schools,Wandsworth,1,0.3023776577127645,0.59875,69.0,0.416807919140718,0.81,27.0,0.19615400863037102,0.2525,37.0
137388,Christ's College Finchley,Academies,Barnet,0,0.30170235114302374,0.56125,47.0,0.004770331957921354,0.05,20.0,0.0494225541139349,0.1075,18.0
143082,Bishop Douglass School Finchley,Academies,Barnet,0,0.30099750897107463,0.5575,19.0,0.41040616100358995,0.77125,19.0,0.4300190884000581,0.765,15.0
141862,The Kingston Academy,Free Schools,Kingston upon Thames,0,0.29526392450956757,0.57375,46.0,0.13435345253901881,0.1825,15.0,0.08929547369847064,0.1125,22.0
142560,St Gregory's Catholic Science College,Academies,Brent,0,0.2905369488661186,0.5775,27.0,,,,0.1311987957309111,0.18625,20.0
136308,Ashmole Academy,Academies,Barnet,0,0.2900667367604488,0.58125,122.0,0.24092557145499882,0.3825,63.0,0.10344215271020554,0.0825,43.0
142903,London Design and Engineering UTC,Free Schools,Newham,0,0.2885569197307828,0.565,47.0,,,,-0.3584285755705793,0.0,8.0
136785,Cheam High School,Academies,Sutton,0,0.28852928177307435,0.5575,48.0,,,,-0.186379635894681,0.0,53.0
141250,North Bridge House Senior Canonbury School,Independent schools,Islington,0,0.2884754011182859,0.535,6.0,,,,,,
141071,Whitefriars School,Academies,Harrow,0,0.2805996173232412,0.5225,11.0,,,,-0.04842358221639856,0.09125,6.0
138460,Teddington School,Academies,Richmond upon Thames,0,0.2775843600273965,0.53,42.0,-0.1264466109785762,0.0075,20.0,-0.23644982826581465,0.0,35.0
131609,The Bridge Academy,Academies,Hackney,0,0.27314150208019666,0.5275,29.0,0.13694108627508403,0.16375,24.0,0.1362261782457169,0.1725,22.0
136418,The Compton School,Academies,Barnet,0,0.2716807039963588,0.495,48.0,-0.031524433695246386,0.02875,19.0,0.3479281923242169,0.62625,22.0
101846,Old Palace of John Whitgift School,Independent schools,Croydon,2,0.26905857242623554,0.50375,10.0,0.46253331049039415,0.81125,6.0,0.6272884394753833,0.965,15.0
135073,Haberdashers' Hatcham College,Academies,Lewisham,0,0.26753797679437247,0.49375,35.0,0.008695794241730148,0.03875,29.0,-0.25102585744448774,0.0,52.0
101928,Villiers High School,Local authority maintained schools,Ealing,0,0.25542402305540834,0.46625,37.0,-0.1542809649236084,0.00875,12.0,-0.29904240155772094,0.0,30.0
136658,East Barnet School,Academies,Barnet,0,0.25207888975539694,0.43625,44.0,0.09408002791496387,0.10875,33.0,0.05496036335385195,0.05,40.0
137204,Hatch End High School,Academies,Harrow,2,0.2502441476579047,0.46125,13.0,0.45508223468326336,0.825,16.0,0.4885054677339623,0.865,15.0
102858,Mayfield School,Local authority maintained schools,Redbridge,0,0.24933852704464454,0.4425,44.0,-0.03801669532392679,0.02375,29.0,0.058000611009889444,0.085,27.0
131062,The Excelsior Academy,Academies,Hackney,0,0.24501009964729314,0.4575,14.0,0.2965571335742537,0.5225,15.0,0.38109717806573107,0.64875,6.0
135531,Chelsea Academy,Academies,Kensington and Chelsea,0,0.2428336952704737,0.44375,42.0,-0.12113930293832915,0.00375,27.0,-0.017620137969272098,0.0275,28.0
136309,Kingsdale Foundation School,Academies,Southwark,1,0.24139181006263233,0.4075,93.0,0.3629825898344724,0.73375,38.0,0.4779004103275508,0.91,38.0
147238,Hasmonean High School for Girls,Academies,Barnet,0,0.23861039760415165,0.43125,28.0,0.23004358352960014,0.40375,11.0,0.06433747623705104,0.04875,41.0
138607,Lady Margaret School,Academies,Hammersmith and Fulham,0,0.23402998079828088,0.41375,29.0,0.08923934642790733,0.13625,18.0,0.4195846209809687,0.78875,25.0
136711,Queensmead School,Academies,Hillingdon,0,0.23248662366662606,0.4025,66.0,0.2722883392672136,0.48,34.0,-0.16855678652108175,0.0025,30.0
142864,Pinner High School,Free Schools,Harrow,0,0.23051635886025412,0.36625,78.0,0.38061879473329974,0.7525,22.0,0.099050569865967,0.08875,37.0
138610,Alperton Community School,Academies,Brent,1,0.22955905549122024,0.3675,61.0,0.23891306916008226,0.395,34.0,0.4357625405929738,0.83125,34.0
102681,Wimbledon College,Local authority maintained schools,Merton,0,0.22905188264560253,0.39125,60.0,0.142145416290561,0.20125,20.0,0.215444965125017,0.335,31.0
101247,All Saints Catholic School and Technology College,Local authority maintained schools,Barking and Dagenham,0,0.22900983787391246,0.395,30.0,0.32214224415432524,0.59125,6.0,0.11565768331965293,0.18,14.0
137178,Bentley Wood High School,Academies,Harrow,0,0.22882565449218525,0.405,20.0,,,,-0.04861776068689669,0.01125,35.0
101842,Trinity School,Independent schools,Croydon,1,0.22732523929358575,0.36875,90.0,0.3899804941124077,0.81375,49.0,0.2379582357023804,0.37375,25.0
137009,Rivers Academy West London,Academies,Hounslow,0,0.22204763566463329,0.43,6.0,-0.059768156773453984,0.05,10.0,-0.12699184663813412,0.02375,12.0
100536,Kensington Park School,Independent schools,Westminster,0,0.22088528411218347,0.4175,11.0,0.16991817252364372,0.32125,10.0,,,
136795,Nonsuch High School for Girls,Academies,Sutton,0,0.2199894426870954,0.2925,156.0,0.2197396763652087,0.33625,37.0,0.16959274904230845,0.15125,55.0
101939,Brentside High School,Local authority maintained schools,Ealing,1,0.21910589461993432,0.40375,34.0,-0.006761119278040807,0.05,20.0,0.5111980896931919,0.92625,30.0
102452,Northwood College for Girls GDST,Independent schools,Hillingdon,0,0.21696581429482797,0.4075,11.0,0.1922645020099352,0.35,7.0,0.19748321511241337,0.29375,14.0
150606,Bishop Challoner Catholic School,Academies,Tower Hamlets,0,0.21161766719328048,0.36125,18.0,-0.29165474487145565,0.0,15.0,0.39189720149165724,0.715,19.0
137633,Bishopshalt School,Academies,Hillingdon,0,0.21031882878347363,0.3,68.0,0.20709176999804632,0.29,44.0,0.07649041197895212,0.07375,36.0
102162,Channing School,Independent schools,Haringey,0,0.21009941179220623,0.375,26.0,0.23639119025562652,0.3975,13.0,0.14183917740049895,0.19875,21.0
141178,The Warren School,Academies,Barking and Dagenham,0,0.20914854023952614,0.3475,31.0,0.11914708779748243,0.1675,23.0,-0.006423700375294197,0.08,12.0
102257,North London Collegiate School,Independent schools,Harrow,0,0.20913808236284015,0.335,50.0,0.35459851658558095,0.66875,19.0,,,
137685,Kingsbury High School,Academies,Brent,0,0.20745491288210474,0.31,59.0,-0.26555753553390166,0.0,33.0,-0.27595543234738595,0.0,35.0
144511,"Newham Collegiate Sixth Form Centre, City of London Academy",Free Schools,Newham,0,0.2064122389920854,0.20125,256.0,0.049574995440980846,0.02,69.0,0.1734759596272613,0.2075,35.0
135584,Ark Globe Academy,Academies,Southwark,0,0.20053407594514033,0.385,14.0,0.3980390596740024,0.745,19.0,0.2424885106346345,0.405,9.0
101947,St Benedict's School,Independent schools,Ealing,1,0.19878882949580162,0.31625,43.0,0.4352355859326743,0.85625,23.0,0.25149446755346355,0.40375,14.0
101692,Bromley High School GDST,Independent schools,Bromley,0,0.19799982646007408,0.34,21.0,0.26736319608943554,0.47,13.0,0.29607743827060984,0.51,24.0
102239,Whitmore High School,Local authority maintained schools,Harrow,0,0.1946191727534859,0.28125,85.0,0.36731233844986244,0.7525,47.0,0.029455494469912146,0.02375,51.0
140575,Beal High School,Academies,Redbridge,0,0.18925312058727906,0.2075,124.0,-0.29093959627809945,0.0,123.0,-0.2940522948514404,0.0,83.0
101161,Francis Holland School,Independent schools,Westminster,0,0.1839408975512704,0.3075,28.0,0.013889028728071361,0.03625,25.0,-0.19482967455274924,0.0,17.0
100001,City of London School for Girls,Independent schools,City of London,0,0.1837500867375399,0.2575,65.0,0.16418794238682288,0.24125,20.0,,,
138313,The Grey Coat Hospital,Academies,Westminster,0,0.18192008563640258,0.26,57.0,-0.14892885494504998,0.0075,22.0,0.19107771487006428,0.2375,35.0
102545,Gunnersbury Catholic School,Local authority maintained schools,Hounslow,0,0.18050339598692985,0.25,74.0,-0.07537393543633644,0.00375,51.0,-0.14249570397493763,0.00125,38.0
100183,Plumstead Manor School,Local authority maintained schools,Greenwich,0,0.18013344531541214,0.29,29.0,-0.2032809895882008,0.005,18.0,0.11797358055773113,0.14375,23.0
136799,Carshalton Boys Sports College,Academies,Sutton,0,0.1779774075783425,0.26875,32.0,0.05753706849010978,0.08125,24.0,0.29840129219068723,0.52,29.0
103013,St Philomena's Catholic High School for Girls,Local authority maintained schools,Sutton,0,0.17777713647907767,0.34375,11.0,,,,0.23583646713215511,0.37,28.0
103097,Heathcote School & Science College,Local authority maintained schools,Waltham Forest,1,0.1715994214415012,0.315,15.0,0.394246483081595,0.7325,13.0,1.0120664398876134,1.0,35.0
102449,Oak Wood School,Local authority maintained schools,Hillingdon,0,0.16908486622119498,0.29625,26.0,-0.08415664589878577,0.02125,14.0,-0.22027819043006808,0.0,31.0
101072,Putney High School GDST,Independent schools,Wandsworth,0,0.1654389412506936,0.22375,57.0,0.4073407634765431,0.79875,20.0,0.3606899673962525,0.65625,17.0
135469,Harrow Collegiate,Colleges,Harrow,0,0.165434970274124,0.03375,425.0,0.3229320498996106,0.75625,216.0,0.08278902468545248,0.00125,301.0
144753,London Academy of Excellence Tottenham,Free Schools,Haringey,0,0.16481354404035603,0.0825,257.0,0.16829769838158626,0.12625,90.0,0.3477565488071136,0.73375,102.0
136621,Wilson's School,Academies,Sutton,0,0.1645917387137969,0.1175,155.0,0.006696797000989258,0.005,70.0,,,
137635,Vyners School,Academies,Hillingdon,0,0.1632774009891567,0.21375,58.0,0.00015016649048525094,0.02,37.0,-0.12753503787693496,0.0,38.0
139362,St Thomas More Catholic School,Academies,Haringey,1,0.1624836268141349,0.255,28.0,0.13286434981970932,0.205,19.0,0.4410408535972551,0.80875,16.0
138267,Ark Bolingbroke Academy,Free Schools,Wandsworth,0,0.16080287477129446,0.23375,38.0,,,,0.07604901883033775,0.11625,21.0
136656,Claremont High School,Academies,Brent,0,0.16052008889804256,0.21,59.0,-0.06201836941954855,0.005,39.0,-0.2554191992367324,0.0,28.0
100369,The Godolphin and Latymer School,Independent schools,Hammersmith and Fulham,0,0.15569651070164842,0.23,47.0,0.1808866879075837,0.2825,15.0,,,
140492,Beis Medrash Elyon,Independent schools,Barnet,0,0.15284374774529946,0.34125,6.0,0.29891614465630545,0.5425,10.0,,,
135316,Ashcroft Technology Academy,Academies,Wandsworth,0,0.15262779040558844,0.13625,85.0,0.02751976392123332,0.0375,37.0,0.16682636138394266,0.21875,21.0
134003,St Mark's Church of England Academy,Academies,Merton,0,0.15219668573924985,0.29875,9.0,,,,0.1719753197905144,0.2825,10.0
138461,Waldegrave School,Academies,Richmond upon Thames,1,0.15143110572000903,0.20375,65.0,0.2558050517966329,0.43,36.0,0.7480951800091096,1.0,57.0
140066,Kew House,Independent schools,Hounslow,0,0.1512944068411867,0.23375,33.0,0.23417820920880864,0.40125,16.0,0.19865968818011376,0.2975,19.0
102787,St Bonaventure's RC School,Local authority maintained schools,Newham,0,0.150593104422034,0.215,56.0,0.1735055778280799,0.20875,53.0,-0.08489182770666488,0.0,47.0
135955,Harris Academy Purley,Academies,Croydon,0,0.14896406682564756,0.26375,16.0,-0.02466344674211065,0.05,14.0,-0.008121772159865467,0.0675,16.0
137678,The Hollyfield School and Sixth Form Centre,Academies,Kingston upon Thames,0,0.14877399971446179,0.255,29.0,-0.1576422438572135,0.00375,16.0,-0.08896739778813473,0.02375,18.0
138457,Wembley High Technology College,Academies,Brent,0,0.147388183285377,0.14,80.0,-0.1490160226294781,0.0,42.0,0.1295253594182126,0.1475,31.0
101676,St Olave's and St Saviour's Grammar School,Local authority maintained schools,Bromley,0,0.1469557176430927,0.07375,191.0,-0.0513078881384221,0.0,76.0,,,
136538,"Trinity Church of England School, Belvedere",Academies,Bexley,0,0.14663332294879322,0.285,16.0,,,,-0.34177425353769136,0.00125,14.0
102045,Winchmore School,Local authority maintained schools,Enfield,0,0.144535271632632,0.215,44.0,0.21248107679064382,0.35625,18.0,0.07348928615712176,0.05125,44.0
100049,Haverstock School,Local authority maintained schools,Camden,0,0.1377835582982433,0.24125,24.0,-0.09306076165552697,0.01875,15.0,0.33718209070584676,0.6025,15.0
143706,Harris Academy Sutton,Free Schools,Sutton,0,0.13694715908690966,0.17375,52.0,0.09485909328371932,0.1225,23.0,-0.26013575653931936,0.0,32.0
101837,Whitgift School,Independent schools,Croydon,0,0.13627429024316282,0.1225,74.0,-0.006867351340293247,0.0075,48.0,0.012683209996735946,0.08,12.0
101387,Menorah Grammar School,Independent schools,Barnet,0,0.13428558077730232,0.31,6.0,,,,,,
139811,The Cedars School,Independent schools,Croydon,0,0.13370316076566657,0.27625,12.0,,,,,,
102154,Highgate Wood Secondary School,Local authority maintained schools,Haringey,0,0.1336392336756473,0.23125,23.0,-0.12453099473885064,0.01125,18.0,0.18867577038470845,0.24625,37.0
138609,Queens Park Community School,Academies,Brent,1,0.13232064640025798,0.1875,31.0,0.23682594194827858,0.40625,22.0,0.5902098855311887,0.935,15.0
137028,Nower Hill High School,Academies,Harrow,0,0.1320732863288973,0.0825,111.0,0.3334529399804795,0.6675,59.0,0.0018279673400576932,0.01125,55.0
137005,Graveney School,Academies,Wandsworth,0,0.13136608538444616,0.06625,165.0,0.2777226786369264,0.51375,61.0,0.18823358527149123,0.16,94.0
102875,Bancroft's School,Independent schools,Redbridge,0,0.13021645855198968,0.11625,81.0,0.34495192236642624,0.66625,37.0,,,
137940,Isleworth and Syon School for Boys,Academies,Hounslow,0,0.13007353001135594,0.22625,20.0,0.2484666194896969,0.44625,11.0,-0.058638290262470714,0.05125,11.0
136519,Haydon School,Academies,Hillingdon,0,0.12560126424076404,0.165,38.0,-0.3743691355214412,0.0,49.0,0.22300288613217603,0.25375,77.0
143756,"City of London Academy, Shoreditch Park",Free Schools,Hackney,0,0.12448301129366052,0.21,25.0,0.13184855658246616,0.22125,13.0,0.14291844774375798,0.26375,7.0
140862,Michaela Community School,Free Schools,Brent,0,0.12220611465641396,0.1375,49.0,-0.05440714370967254,0.03875,12.0,-0.19202360907393148,0.0075,18.0
102451,Harlington School,Local authority maintained schools,Hillingdon,0,0.12064287938811119,0.19625,22.0,-0.07571882199261722,0.0175,20.0,-0.1367982095444021,0.0075,21.0
138403,London Academy of Excellence,Free Schools,Newham,0,0.12049788903919165,0.06125,161.0,0.18378222028466384,0.16625,78.0,0.20331639244634991,0.26,46.0
100076,South Hampstead High School GDST,Independent schools,Camden,0,0.11965065720281637,0.14875,49.0,0.2656341412388241,0.47875,22.0,0.31582758647846065,0.55,19.0
137088,The Palmer Catholic Academy,Academies,Redbridge,0,0.11827754774471755,0.14,47.0,-0.09117927226421223,0.00125,40.0,0.20751408338043176,0.325,21.0
136768,Uxbridge High School,Academies,Hillingdon,0,0.11397904199704936,0.17625,36.0,0.08979141025238668,0.13625,18.0,-0.2291412722130232,0.00125,12.0
135835,"The City Academy, Hackney",Academies,Hackney,1,0.11378853885970329,0.1575,39.0,0.42719780290915155,0.825,25.0,0.22642951483547552,0.35375,24.0
149543,Ernest Bevin Academy,Academies,Wandsworth,0,0.11120815027984628,0.1825,28.0,-0.23732298578238142,0.00375,16.0,-0.5618247587548802,0.0,17.0
102156,Fortismere School,Local authority maintained schools,Haringey,0,0.10628136267527723,0.10125,76.0,0.067472860567992,0.04875,37.0,0.19620144176649504,0.2275,58.0
138960,Sacred Heart Catholic School,Academies,Southwark,0,0.10380704430275207,0.1575,31.0,-0.3635527229716925,0.0,17.0,-0.08995971647763962,0.0125,22.0
102946,Hampton School,Independent schools,Richmond upon Thames,0,0.10175048078665633,0.0425,144.0,0.2068469792018835,0.26875,56.0,0.16346167242122,0.1875,30.0
137844,Barnhill Community High School,Academies,Hillingdon,0,0.10015817661940414,0.10125,68.0,-0.22094050078450056,0.0025,12.0,0.3423337978196807,0.64125,34.0
137075,Park High School,Academies,Harrow,1,0.10014852969736956,0.10375,64.0,0.4487837485289624,0.885,32.0,0.4100799725752857,0.79,33.0
100864,Alleyn's School,Independent schools,Southwark,0,0.09840630246231327,0.055,106.0,0.25878190179948296,0.4475,35.0,0.10741664798678109,0.085,44.0
100863,James Allen's Girls' School,Independent schools,Southwark,0,0.09710089955247712,0.11375,51.0,0.28055958456030167,0.5075,26.0,,,
137965,Blackfen School for Girls,Academies,Bexley,0,0.09671374794613087,0.2575,7.0,0.037811409692105225,0.06875,22.0,0.1481509850652586,0.14625,45.0
102611,Surbiton High School,Independent schools,Kingston upon Thames,0,0.09505258755890374,0.09625,49.0,0.045605632787107345,0.04625,30.0,0.26501824660172596,0.4425,22.0
135242,Ark King Solomon Academy,Academies,Westminster,0,0.0932134990462251,0.16125,26.0,0.10417218325346439,0.18875,13.0,0.11536514270920187,0.15875,18.0
101393,Brampton College,Independent schools,Barnet,0,0.09235146045918183,0.09625,54.0,0.14699958717581219,0.16875,29.0,0.1703573786540593,0.26625,14.0
102163,Highgate School,Independent schools,Haringey,0,0.08953178214172387,0.0275,131.0,0.027080806006467686,0.0125,47.0,,,
133443,Hampton Court House,Independent schools,Richmond upon Thames,0,0.08793109689657237,0.22625,10.0,,,,,,
144962,City of London Academy Highbury Grove,Academies,Islington,0,0.08762537293466874,0.1675,19.0,,,,0.020379074459073134,0.12,8.0
101693,Eltham College,Independent schools,Bromley,0,0.08659453591515494,0.08875,59.0,0.28489166020940954,0.51375,30.0,0.17557935015276394,0.29125,10.0
131310,Elthorne Park High School,Local authority maintained schools,Ealing,0,0.08610308139562349,0.0725,61.0,-0.361977815601444,0.0,35.0,-0.4570086655931672,0.0,30.0
145348,Dormers Wells High School,Academies,Ealing,0,0.08537760837662361,0.0675,65.0,-0.2111807540252635,0.00125,39.0,0.10696987391283354,0.1325,25.0
138178,Riddlesdown Collegiate,Academies,Croydon,0,0.08410168395962433,0.075,84.0,0.15437459918192048,0.16875,45.0,0.20468634576954536,0.22875,64.0
102679,Rutlish School,Local authority maintained schools,Merton,0,0.08372985501213194,0.0625,78.0,-0.1372193245119704,0.00375,28.0,-0.3205321883702721,0.0,23.0
144502,The Totteridge Academy,Academies,Barnet,0,0.080312859549687,0.155,24.0,0.13157626290269683,0.19875,17.0,-0.27807687710884743,0.005,18.0
102453,St Helen's School,Independent schools,Hillingdon,1,0.07765603061522695,0.10125,42.0,0.4451091071479768,0.8675,23.0,0.3557863229447932,0.64125,23.0
100741,Sydenham School,Local authority maintained schools,Lewisham,0,0.0771310460514566,0.17875,20.0,-0.053438138913057716,0.035,13.0,0.006447256893859129,0.0375,29.0
138924,Heston Community School,Academies,Hounslow,1,0.07393818905705843,0.13875,23.0,0.47220370234635295,0.8975,30.0,0.0025848155675555606,0.015,42.0
140212,Kensington Aldridge Academy,Academies,Kensington and Chelsea,0,0.0722709307152615,0.09,44.0,0.20627108209913259,0.325,18.0,0.2696597078640688,0.44,27.0
136631,Swakeleys School for Girls,Academies,Hillingdon,1,0.07176247323907688,0.155,11.0,0.23543282576118224,0.42625,7.0,0.6378377901100853,0.99875,45.0
102055,The Latymer School,Local authority maintained schools,Enfield,0,0.06867158279072787,0.01,169.0,-0.2500466412647859,0.0,54.0,,,
101162,Westminster School,Independent schools,Westminster,0,0.06764118224688795,0.0225,142.0,0.004523947111508319,0.0075,68.0,,,
146375,UTC Heathrow,Free Schools,Hillingdon,0,0.06433536394152167,0.25,6.0,,,,,,
132727,Walthamstow Academy,Academies,Waltham Forest,0,0.06220379922910364,0.075,49.0,0.25460066532802966,0.44,21.0,0.17000095993432482,0.25,21.0
135968,Oasis Academy Shirley Park,Academies,Croydon,0,0.0609607081462506,0.14375,19.0,,,,0.06857153315765789,0.09625,23.0
131752,Ark Burlington Danes Academy,Academies,Hammersmith and Fulham,0,0.060663097628166615,0.10375,26.0,0.29525766515230584,0.54625,16.0,-0.06845904518389284,0.04875,10.0
102851,Wanstead High School,Local authority maintained schools,Redbridge,1,0.05955566840624073,0.0725,47.0,0.23240950789357534,0.3875,34.0,0.4567397950170436,0.83125,23.0
148421,Woodhouse College,Academies,Barnet,0,0.05680616617571336,0.00125,351.0,0.20420932366349234,0.15875,136.0,0.08886865619241886,0.00375,169.0
101388,Beth Jacob Grammar School for Girls,Independent schools,Barnet,0,0.05630536605178677,0.21875,6.0,,,,,,
101158,Francis Holland School,Independent schools,Westminster,0,0.05618530124778511,0.145,16.0,0.23550367654984555,0.40125,19.0,0.24905692921856648,0.3925,24.0
138449,Harris Academy Greenwich,Academies,Greenwich,0,0.05527533910596908,0.07375,49.0,0.11925951986228911,0.08875,42.0,-0.14829879270906166,0.0,29.0
138266,Reach Academy Feltham,Free Schools,Hounslow,0,0.055110965700177275,0.155,14.0,0.12194183185080444,0.24625,7.0,-0.12868693935138004,0.02,10.0
102684,King's College School,Independent schools,Merton,0,0.0518842977871144,0.01375,147.0,0.05544655481083951,0.01375,67.0,-0.054628506618164784,0.01,21.0
100638,Bishop Thomas Grant Catholic Secondary School,Local authority maintained schools,Lambeth,0,0.0514121501382565,0.06875,43.0,-0.17473905689285413,0.0,28.0,-0.19363387430724877,0.00125,22.0
136466,Bishop Justus CofE School,Academies,Bromley,0,0.05097932371709531,0.16625,13.0,-0.23671773187143394,0.0075,9.0,-0.28108376536435353,0.0,22.0
136551,Newstead Wood School,Academies,Bromley,0,0.0509573604652726,0.01,149.0,0.21955304004742768,0.30625,53.0,0.21391922036552857,0.3175,25.0
137907,Chiswick School,Academies,Hounslow,0,0.04931843522178658,0.04375,56.0,0.032121721336596167,0.055,32.0,0.16419310140393978,0.20125,34.0
102539,The Heathland School,Local authority maintained schools,Hounslow,0,0.0489033553295077,0.015,101.0,-0.0992305913480428,0.0,71.0,0.18203559777473197,0.17375,61.0
100625,Lilian Baylis Technology School,Local authority maintained schools,Lambeth,0,0.04745450799553258,0.10125,25.0,-0.22570121511693833,0.0,30.0,0.24208185582408034,0.39375,17.0
138651,Orleans Park School,Academies,Richmond upon Thames,0,0.04599894219361125,0.04375,67.0,-0.2565424707989235,0.0,45.0,-0.17488932195063733,0.0,25.0
100458,Central Foundation Boys' School,Local authority maintained schools,Islington,0,0.04546960919787333,0.05125,62.0,0.15057323432295408,0.24625,14.0,0.17142122656067613,0.245,29.0
100065,University College School,Independent schools,Camden,1,0.04346689560178772,0.0225,99.0,0.37324941208083773,0.8425,79.0,0.028889236999557255,0.0525,24.0
137423,Chislehurst and Sidcup Grammar School,Academies,Bexley,0,0.043164333365841745,0.01,102.0,-0.17895661647972497,0.0,64.0,0.30485697983524246,0.54375,83.0
134222,City of London Academy (Southwark),Academies,Southwark,0,0.04206957075114728,0.045,57.0,-0.04323821046761944,0.00125,43.0,0.16690095484439119,0.1625,53.0
100540,Mander Portman Woodward School,Independent schools,Kensington and Chelsea,0,0.03911658707982562,0.035,52.0,0.2802792465879243,0.5175,21.0,0.2738001207285855,0.465,25.0
139720,Nishkam School West London,Free Schools,Hounslow,0,0.0333490452719087,0.08375,34.0,-0.16060078498129557,0.00375,23.0,0.04345100967580596,0.12625,14.0
102857,Valentines High School,Local authority maintained schools,Redbridge,0,0.031220084067245107,0.04125,70.0,0.045038251050856515,0.04125,37.0,0.26813508399493946,0.4325,46.0
100054,The Camden School for Girls,Local authority maintained schools,Camden,0,0.02818360595218497,0.0075,117.0,0.1966068911729757,0.25,50.0,,,
145313,Bacon's College,Academies,Southwark,0,0.02683226000511709,0.105,20.0,-0.07539238232696127,0.02875,16.0,0.30855619729009126,0.535,12.0
149297,St Richard Reynolds Catholic High School,Academies,Richmond upon Thames,0,0.022549219635946142,0.05625,33.0,-0.03303478491445477,0.04125,19.0,-0.23387848712666773,0.0,34.0
103119,St Mary's and St John's CofE School,Local authority maintained schools,Barnet,0,0.021029903758108554,0.08125,25.0,0.016490893974973365,0.0725,16.0,0.3788247266995067,0.67625,20.0
100857,The St Thomas the Apostle College,Local authority maintained schools,Southwark,0,0.02030826447854108,0.015,91.0,0.1639368683078557,0.1925,39.0,0.14181704300113268,0.1625,28.0
138682,Southfields Academy,Academies,Wandsworth,0,0.01958012152890465,0.10625,17.0,-0.08499381156603203,0.00625,33.0,0.06170002883141459,0.12,15.0
102245,Harrow School,Independent schools,Harrow,0,0.016314228542636772,0.01,97.0,0.06864557721317403,0.015,87.0,,,
101685,Farringtons School,Independent schools,Bromley,0,0.014429420396400723,0.12,13.0,0.12013924617370013,0.17875,14.0,0.024298480425875263,0.1,7.0
102850,Ilford County High School,Local authority maintained schools,Redbridge,0,0.013308071850937263,0.00875,101.0,0.26199492641070116,0.445,42.0,0.0076856451522148116,0.09625,10.0
142336,Wetherby Senior School,Independent schools,Westminster,0,0.010691916143625572,0.04375,38.0,-0.03661437473801568,0.00875,41.0,,,
136509,RR6,Colleges,Merton,0,0.002434284590205631,0.00375,106.0,-0.10338578519349008,0.00125,33.0,-0.00599121919930457,0.00875,50.0
150604,Cardinal Pole Catholic School,Academies,Hackney,0,-0.004260116962140788,0.0775,18.0,-0.15900575854869806,0.0025,19.0,-0.07659930732519472,0.00125,54.0
100003,City of London School,Independent schools,City of London,1,-0.008204016105486402,0.00125,124.0,0.38651188251788765,0.81875,63.0,,,
101845,Croydon High School,Independent schools,Croydon,0,-0.009159538304847184,0.075,17.0,-0.012500115515501585,0.07,8.0,-0.125477836528342,0.01,16.0
135762,Saint John Bosco College,Local authority maintained schools,Wandsworth,0,-0.009624946287326332,0.0925,16.0,,,,-0.16136822662528735,0.015,13.0
137386,Mill Hill County High School,Academies,Barnet,0,-0.010049442336130133,0.00625,92.0,-0.0630258521180243,0.00375,51.0,0.08589692038380829,0.0425,62.0
145866,Bolder Academy,Free Schools,Hounslow,0,-0.010124665779564966,0.08375,17.0,,,,,,
102932,Lady Eleanor Holles School,Independent schools,Richmond upon Thames,0,-0.014639585331795341,0.005,78.0,0.15753440675334907,0.22375,21.0,0.24229761052230742,0.375,34.0
100366,St Paul's Girls' School,Independent schools,Hammersmith and Fulham,0,-0.015602661213477007,0.01625,66.0,0.011492982746264873,0.0425,23.0,,,
136147,Lift Aylward,Academies,Enfield,0,-0.018058639433287657,0.0675,19.0,,,,0.2847039561568381,0.47875,22.0
143540,Ada National College for Digital Skills,Colleges,Westminster,0,-0.021546613906828042,0.11,13.0,,,,,,
139791,Riverside School,Free Schools,Barking and Dagenham,0,-0.022623169446245397,0.0525,27.0,0.13592323457958938,0.2275,14.0,-0.04632856733790874,0.02125,24.0
100972,Oaklands School,Local authority maintained schools,Tower Hamlets,0,-0.023956073479305236,0.05625,21.0,-0.039256043021151196,0.055,12.0,0.40450718859677454,0.7,13.0
137546,Twyford Church of England High School,Academies,Ealing,0,-0.026882663094473867,0.0,160.0,-0.20113586675370165,0.0,60.0,0.005490494594097926,0.0075,66.0
143629,Mulberry School for Girls,Academies,Tower Hamlets,0,-0.030726677965683836,0.01125,62.0,0.26937707541507583,0.49125,21.0,0.11166440567610908,0.09125,40.0
136800,Greenshaw High School,Academies,Sutton,0,-0.033711593000448146,0.0,108.0,0.08192283517062568,0.025,70.0,0.060872595337627844,0.0425,48.0
100190,Thomas Tallis School,Local authority maintained schools,Greenwich,0,-0.0337968764107909,0.005,72.0,0.24622905630823985,0.3975,37.0,0.040716058938892505,0.03625,43.0
137917,Southborough High School,Academies,Kingston upon Thames,0,-0.03535180566877887,0.05,25.0,-0.1524769984706427,0.00875,14.0,-0.5083634602488822,0.0,16.0
138825,Grey Court School,Academies,Richmond upon Thames,0,-0.042876316063464606,0.01,65.0,-0.2538336528732449,0.0,35.0,-0.4255605614899059,0.0,47.0
137925,The Douay Martyrs Catholic School,Academies,Hillingdon,0,-0.04297146603372133,0.0275,36.0,-0.07842583332834319,0.01,23.0,-0.051036016705083814,0.01125,34.0
137935,Sacred Heart High School,Academies,Hammersmith and Fulham,0,-0.04549208426392237,0.055,14.0,-0.193411289063755,0.0225,6.0,0.008369834316850457,0.04375,22.0
102058,St Ignatius College,Local authority maintained schools,Enfield,0,-0.04794512416857561,0.0175,50.0,-0.3115549405067257,0.0,51.0,-0.27384472162309653,0.00125,43.0
136709,Bullers Wood School,Academies,Bromley,0,-0.04821535374968123,0.00875,52.0,0.1725297118102846,0.25875,18.0,0.13998324063073894,0.10875,53.0
134693,Mossbourne Community Academy,Academies,Hackney,0,-0.04835711512339655,0.0,103.0,0.17978281365607818,0.26375,26.0,-0.09358268723678793,0.0025,53.0
138312,Westminster City School,Academies,Westminster,0,-0.0497151886369201,0.00625,65.0,0.3575068951028074,0.7275,48.0,-0.14772300275094932,0.0025,33.0
145860,Harris Academy Wimbledon,Free Schools,Merton,1,-0.05195174279202228,0.0275,27.0,-0.030621392845146422,0.02375,24.0,0.5836312809702915,0.94125,15.0
143197,Edmonton County School,Academies,Enfield,0,-0.052321238744573895,0.02875,28.0,-0.46830522831758103,0.0,25.0,-0.17148482159491485,0.00375,22.0
101954,Notting Hill & Ealing High School GDST,Independent schools,Ealing,0,-0.05413018992924403,0.02625,37.0,0.1794699717765055,0.315,11.0,0.08727767742918464,0.135,14.0
136789,Wallington High School for Girls,Academies,Sutton,1,-0.05523884951478001,0.0,137.0,-0.35057682003582313,0.0,41.0,0.48277591104071615,0.9475,57.0
130443,St Dominic's Sixth Form College,Colleges,Harrow,0,-0.061304138448249335,0.0,362.0,0.027731510424984434,0.0,157.0,0.08481244953733472,0.0025,197.0
148555,Harris Clapham Sixth Form,Free Schools,Lambeth,0,-0.06156932723446868,0.01625,39.0,-0.20507335696158432,0.0,56.0,0.26889151700784814,0.45125,44.0
100050,Parliament Hill School,Local authority maintained schools,Camden,0,-0.06555100577096924,0.0375,24.0,-0.25766620790527967,0.0025,12.0,-0.2051713028481481,0.0,38.0
138187,Woodcote High School,Academies,Croydon,0,-0.06617572213516931,0.04,21.0,0.16718037503037028,0.2725,11.0,-0.04895045643725627,0.0275,19.0
137181,The UCL Academy,Academies,Camden,0,-0.06866971065576606,0.005,58.0,-0.26862682278532196,0.0,41.0,0.0373633049011572,0.05625,25.0
141163,Woolwich Polytechnic School,Academies,Greenwich,0,-0.06974086142233618,0.0125,42.0,0.2166806874428106,0.33,28.0,-0.11262863357356036,0.00875,25.0
140939,Harris Westminster Sixth Form,Free Schools,Westminster,0,-0.07064426842221361,0.0,219.0,-0.2856668064742544,0.0,88.0,,,
140475,Loxford School,Academies,Redbridge,0,-0.07417570711820884,0.0025,88.0,0.2115827449530267,0.26,81.0,-0.12147806457646987,0.00125,49.0
101154,St Augustine's Federated Schools: CE High School,Local authority maintained schools,Westminster,0,-0.07536603132888137,0.04125,23.0,,,,0.1527726787171797,0.28375,6.0
138685,Copthall School,Academies,Barnet,0,-0.0757242021969032,0.06125,8.0,,,,0.22924665929167612,0.3775,18.0
103106,Holy Family Catholic School,Local authority maintained schools,Waltham Forest,0,-0.07578971491897522,0.02625,26.0,-0.30065236156996517,0.005,12.0,-0.11120646362952245,0.005,24.0
140748,Ruislip High School,Academies,Hillingdon,0,-0.0760149766950034,0.02625,30.0,-0.005645782978815283,0.04375,17.0,-0.12452822014107195,0.0025,43.0
100279,Stoke Newington School and Sixth Form,Local authority maintained schools,Hackney,0,-0.07719820069693493,0.0025,44.0,-0.19135253685964176,0.0025,27.0,-0.16010421312235812,0.0,55.0
100052,Hampstead School,Local authority maintained schools,Camden,0,-0.07749106810553004,0.01625,30.0,,,,-0.04642352253718306,0.00875,31.0
100182,Eltham Hill School,Local authority maintained schools,Greenwich,0,-0.07909258757918511,0.03,25.0,-0.16132100298024965,0.0175,11.0,0.05554674673343954,0.06625,26.0
138459,The Holy Cross School,Academies,Kingston upon Thames,0,-0.08678892241453592,0.02,31.0,-0.32272077216100525,0.0025,10.0,-0.06627057441302674,0.015,25.0
135958,Oasis Academy Hadley,Academies,Enfield,1,-0.0869205539512734,0.0575,13.0,,,,0.4683336563594358,0.8075,13.0
138691,Chingford Foundation School,Academies,Waltham Forest,0,-0.0888315677659182,0.01625,29.0,0.2911653273425655,0.52625,33.0,-0.03832128744232806,0.02375,23.0
101940,Greenford High School,Local authority maintained schools,Ealing,0,-0.09050419781077712,0.0,105.0,0.38308028092220225,0.785,36.0,0.08079552153155978,0.075,36.0
147538,Oaks Park High School,Academies,Sutton,0,-0.09094799738047268,0.05625,11.0,,,,0.3263965854269596,0.55375,7.0
132942,Sydenham and Forest Hill Sixth Form,Colleges,Lewisham,0,-0.09121677175009678,0.005,46.0,-0.17928724896972872,0.0,31.0,-0.20434086393702805,0.0,43.0
137829,Northwood School,Academies,Hillingdon,0,-0.09180641583771186,0.0225,38.0,0.032539050687742994,0.125,8.0,-0.25040595109284675,0.00125,15.0
102861,King Solomon High School,Local authority maintained schools,Redbridge,0,-0.0925679933770892,0.03375,15.0,,,,0.19641397953959838,0.2525,37.0
135973,E-ACT Crest Academy,Academies,Brent,0,-0.09441461411589826,0.02,20.0,-0.2743058252124718,0.005,6.0,0.03728394251566167,0.08625,19.0
100053,Acland Burghley School,Local authority maintained schools,Camden,0,-0.09614752249394036,0.0225,23.0,-0.05777035532063355,0.0225,14.0,0.2478175422612385,0.405,19.0
136517,Ravens Wood School,Academies,Bromley,0,-0.0969197453949926,0.00125,59.0,-0.09944848351954726,0.00375,38.0,0.10217034881525713,0.0525,65.0
136615,The Tiffin Girls' School,Academies,Kingston upon Thames,0,-0.1007736216420798,0.0,112.0,-0.24355304977354877,0.0,51.0,-0.06235510707263293,0.0125,34.0
132237,Thames Christian School,Independent schools,Wandsworth,0,-0.1033760636486073,0.05625,10.0,,,,,,
135951,Haberdashers' Crayford Academy,Academies,Bexley,0,-0.10347225454481215,0.04,14.0,,,,-0.05752065371212379,0.02125,24.0
138681,Ark Putney Academy,Academies,Wandsworth,0,-0.10699162334359472,0.025,22.0,,,,0.006830924109668314,0.0625,21.0
100624,The Norwood School,Local authority maintained schools,Lambeth,0,-0.11179820863418838,0.0425,12.0,,,,,,
136267,Chadwell Heath Academy,Academies,Redbridge,0,-0.11577084855124056,0.00625,33.0,-0.1068927179016268,0.0075,23.0,-0.24599089222471565,0.0,44.0
137198,Rooks Heath School,Academies,Harrow,0,-0.12498304585129602,0.03375,14.0,-0.04067912441148616,0.03875,15.0,-0.13439634586741836,0.01125,20.0
101941,The Ellen Wilkinson School for Girls,Local authority maintained schools,Ealing,0,-0.1303044698101293,0.0075,29.0,-0.003102564357681288,0.05875,15.0,0.32030359610113734,0.5975,37.0
143379,St Paul's Way Trust School,Academies,Tower Hamlets,0,-0.1305698756095501,0.005,62.0,-0.42283710991521206,0.0,32.0,-0.3513692037434265,0.0,26.0
102856,Seven Kings School,Local authority maintained schools,Redbridge,0,-0.13234866528967704,0.0,153.0,-0.19816090008435927,0.0,77.0,-0.39433587019748034,0.0,40.0
148003,Sedgehill Academy,Academies,Lewisham,0,-0.13328519409625794,0.07375,7.0,,,,,,
137077,Rosedale College,Academies,Hillingdon,0,-0.1359017537118222,0.0125,21.0,,,,,,
100861,Dulwich College,Independent schools,Southwark,0,-0.13652078048886476,0.0,152.0,0.028934930914628253,0.00375,88.0,-0.3044317658377924,0.0,18.0
136355,Darrick Wood School,Academies,Bromley,0,-0.1406387544520379,0.00125,55.0,-0.05835032259962593,0.02,19.0,-0.28270561690088364,0.0,26.0
139410,St Andrew the Apostle Greek Orthodox School,Free Schools,Barnet,0,-0.14390712199596772,0.045,7.0,,,,-0.057180863384424116,0.05625,10.0
130452,Newham Sixth Form College,Colleges,Newham,0,-0.1502428943662095,0.00125,72.0,-0.9427118246339827,0.0,48.0,-0.672980240926535,0.0,64.0
130912,Paddington Academy,Academies,Westminster,0,-0.154954956143942,0.0025,43.0,-0.020477078202425968,0.01875,25.0,-0.3459938700551946,0.0,26.0
136586,Langley Park School for Boys,Academies,Bromley,0,-0.1551438625802709,0.0,107.0,0.01758850269364948,0.00875,65.0,-0.29849115837539303,0.0,52.0
100055,Maria Fidelis Catholic School FCJ,Local authority maintained schools,Camden,0,-0.15684920560030957,0.03,15.0,-0.21629690186643558,0.0,19.0,-0.2807581133229487,0.00125,18.0
101811,Archbishop Tenison's CofE High School,Local authority maintained schools,Croydon,0,-0.15829128175730495,0.02,16.0,,,,-0.052670006381206474,0.075,7.0
144309,The Elmgreen School,Academies,Lambeth,0,-0.15970281284505566,0.01125,23.0,-0.220690335692105,0.00375,9.0,-0.19149878942717236,0.00625,15.0
134314,St Mary Magdalene Academy,Academies,Islington,0,-0.15989221030517975,0.0,79.0,-0.081201133227683,0.00375,39.0,-0.06478483885252911,0.01,29.0
130416,Christ The King Sixth Form College,Colleges,Lewisham,0,-0.1604396267646394,0.00125,64.0,-0.7876516628865419,0.0,43.0,-0.4692839093881158,0.0,92.0
137121,Harris Academy Beckenham,Academies,Bromley,0,-0.16119207605850566,0.0075,33.0,,,,-0.21438300246878397,0.0,21.0
101362,Finchley Catholic High School,Local authority maintained schools,Barnet,0,-0.1618298274430195,0.00125,57.0,-0.056584555179866845,0.005,37.0,-0.08800405806117943,0.0,53.0
102852,Woodford County High School,Local authority maintained schools,Redbridge,0,-0.162844939517835,0.0,104.0,-0.2802608028961855,0.0,44.0,-0.07060197440000873,0.005,42.0
145126,Harris Academy St John's Wood,Academies,Westminster,0,-0.16315117668621432,0.00125,47.0,-0.06629538464892784,0.01,22.0,-0.33562887606248376,0.0,40.0
136540,Orion Ravensbourne,Academies,Bromley,1,-0.17048076193343026,0.0075,26.0,-0.04310064538580926,0.01625,22.0,0.4220854603988187,0.8025,32.0
137040,The Campion School,Academies,Havering,0,-0.17287934311508021,0.0,71.0,-0.14900057254555,0.0,51.0,-0.4950954461819662,0.0,54.0
130457,Leyton Sixth Form College,Colleges,Waltham Forest,0,-0.17537699782766247,0.0,119.0,-0.5370235344637504,0.0,106.0,-0.029649938339639106,0.0,105.0
100756,Blackheath High School GDST,Independent schools,Greenwich,0,-0.17711713134761756,0.0275,12.0,,,,,,
135315,Ark Walworth Academy,Academies,Southwark,0,-0.18209157329235892,0.01125,14.0,-0.009332997521577516,0.07625,11.0,0.16167507266804626,0.2775,12.0
102683,Ursuline High School Wimbledon,Local authority maintained schools,Merton,0,-0.1830192699582932,0.0075,20.0,-0.24253930924500827,0.00375,14.0,0.06767219612707692,0.03375,63.0
136600,The Coopers' Company and Coborn School,Academies,Havering,0,-0.18499247353764217,0.0,112.0,-0.06395511384162912,0.00125,69.0,-0.0760777594887024,0.0,69.0
130448,South Thames Colleges Group,Colleges,Kingston upon Thames,0,-0.18731626276334118,0.03125,12.0,,,,,,
101835,Royal Russell School,Independent schools,Croydon,0,-0.19039836068084423,0.0025,35.0,-0.1191739302355141,0.00875,11.0,0.05568368657409028,0.0825,17.0
136327,Kingsmead School,Academies,Enfield,0,-0.19284437636282326,0.00125,42.0,0.01410109409727639,0.06125,16.0,0.15278694729741646,0.19,30.0
141683,The Sydney Russell School,Academies,Barking and Dagenham,0,-0.1929086076925394,0.0,54.0,0.013438287012673024,0.01625,38.0,0.07276533788503806,0.04,48.0
135600,Ark Academy,Academies,Brent,0,-0.19506731000313807,0.00125,45.0,0.13680580535215395,0.15375,36.0,-0.09275401826495479,0.0075,29.0
145875,Coombe Wood School,Free Schools,Croydon,0,-0.19846174420207574,0.0,39.0,0.06850575531286818,0.0975,23.0,0.1146329523761255,0.09375,47.0
150319,Prendergast School,Academies,Lewisham,0,-0.19992567179808846,0.00125,66.0,-0.04499104237791725,0.00875,29.0,0.17550299505570277,0.2325,27.0
136137,Skinners' Academy,Academies,Hackney,0,-0.20093980982702853,0.015,9.0,-0.0019975064701859015,0.09125,8.0,0.1443329648579268,0.2025,15.0
136464,Orion Coopers,Academies,Bromley,0,-0.20133110764852127,0.025,7.0,0.042871581827050156,0.1075,14.0,-0.13936979011268888,0.0025,30.0
135676,Pimlico Academy,Academies,Westminster,0,-0.20693488039561259,0.00375,23.0,-0.13767164250664826,0.01125,15.0,0.18773593890681828,0.31125,11.0
137848,Coombe Girls' School,Academies,Kingston upon Thames,0,-0.211240550404347,0.0,74.0,-0.5072370491126718,0.0,19.0,0.30871735033298286,0.555,51.0
137928,"Gumley House RC Convent School, FCJ",Academies,Hounslow,0,-0.21588938131897564,0.005,20.0,-0.44344673586011896,0.0,14.0,-0.13983565762869848,0.0,58.0
101157,"Queen's College, London",Independent schools,Westminster,0,-0.21894067844510978,0.00875,17.0,0.07482599005160223,0.14625,10.0,-0.008268578159655699,0.04625,12.0
135816,Harris Boys' Academy East Dulwich,Academies,Southwark,0,-0.22287412086620073,0.00875,23.0,0.03792083824116079,0.06875,27.0,,,
142727,Southgate School,Academies,Enfield,0,-0.22308138634300856,0.00125,35.0,-0.07690390838113866,0.01625,18.0,-0.6125360544895401,0.0,36.0
136172,Hammersmith Academy,Academies,Hammersmith and Fulham,1,-0.2242588814268446,0.0,42.0,-0.1473624603796266,0.00875,16.0,0.4622723795423033,0.8475,27.0
103110,Forest School,Independent schools,Waltham Forest,0,-0.2257230913983088,0.0,53.0,0.15045017779479275,0.165,44.0,,,
102049,Chace Community School,Local authority maintained schools,Enfield,0,-0.22843607545854794,0.01375,11.0,,,,0.16784465304365803,0.21875,27.0
136028,Dagenham Park CofE School,Local authority maintained schools,Barking and Dagenham,1,-0.23060548559565205,0.0,27.0,0.3921772601304903,0.7325,19.0,0.4488757084678362,0.8525,33.0
136883,Chestnut Grove Academy,Academies,Wandsworth,0,-0.2320826910997129,0.0,46.0,0.014694407127447873,0.0825,11.0,0.2602249027748982,0.4325,29.0
137567,Croydon Metropolitan College,Independent schools,Croydon,0,-0.23237219008515914,0.025,6.0,,,,,,
140221,South Bank University Academy,Academies,Southwark,0,-0.23425142832677806,0.02,12.0,,,,,,
100529,DLD College,Independent schools,Lambeth,0,-0.23462492201078022,0.01375,12.0,-0.1125238941440368,0.0225,15.0,,,
136914,Glenthorne High School,Academies,Sutton,0,-0.23514519918499985,0.0,82.0,,,,-0.15154706408926674,0.0,34.0
100590,Woodmansterne School,Local authority maintained schools,Lambeth,0,-0.23796128009207784,0.00875,14.0,-0.40739605154354414,0.00125,6.0,-0.22035395873609345,0.01,12.0
130411,St Charles Catholic Sixth Form College,Colleges,Kensington and Chelsea,0,-0.24244457122671137,0.0,22.0,0.053003756425499135,0.0325,53.0,-0.29398488130508715,0.0,23.0
139364,Fulham Cross Academy,Academies,Hammersmith and Fulham,0,-0.24868559801128748,0.0125,10.0,,,,-0.1773409477234803,0.005,22.0
142126,Space Studio West London,Free Schools,Hounslow,0,-0.24944646605048418,0.03,7.0,,,,-0.3917585693526564,0.00625,6.0
148932,Brook Sixth Form and Academy,Free Schools,Barking and Dagenham,0,-0.2615022628275501,0.02875,6.0,,,,,,
146318,Ark Acton Academy,Academies,Ealing,0,-0.2635029492815373,0.0,24.0,-0.32973902917865794,0.0,21.0,-0.4148600957957991,0.00125,21.0
101245,Robert Clack School,Local authority maintained schools,Barking and Dagenham,0,-0.2643475862313249,0.0,48.0,-0.28326193069838873,0.0,25.0,0.019455643962256283,0.03,35.0
136203,The Quest Academy,Academies,Croydon,0,-0.26579297248704015,0.00375,13.0,-0.13022038059270952,0.01625,13.0,-0.32939515489801857,0.0025,17.0
100977,Stepney All Saints Church of England Secondary School,Local authority maintained schools,Tower Hamlets,0,-0.266845917324537,0.0,49.0,-0.2469473412673162,0.0,36.0,0.034054428192146914,0.0775,19.0
135416,Harris Federation Post 16,Colleges,Croydon,0,-0.2698171755566889,0.0,211.0,-0.2756081630201564,0.0,133.0,-0.17555199865918739,0.0,216.0
102786,St Angela's Ursuline School,Local authority maintained schools,Newham,0,-0.27216535110747375,0.0,91.0,-0.07775173677220483,0.0,68.0,0.26709888371436624,0.41375,71.0
149431,Harris Science Academy East London,Free Schools,Newham,0,-0.2780861623121074,0.00375,13.0,-0.09531390005818949,0.055,9.0,,,
137645,Hendon School,Academies,Barnet,0,-0.2782859574142325,0.0,34.0,-0.3787534521802779,0.0,28.0,-0.5094551940927223,0.0,22.0
149901,Haggerston School,Academies,Hackney,0,-0.2836580319501794,0.00375,22.0,0.04012774980411069,0.115,11.0,0.10329834733233106,0.145,16.0
136208,Lift Richmond Park,Academies,Richmond upon Thames,0,-0.28731200471719265,0.0,28.0,-0.24272706958005863,0.0,17.0,-0.07650373010998175,0.02875,16.0
101364,St James' Catholic High School,Local authority maintained schools,Barnet,0,-0.2932520063547616,0.00125,17.0,-0.23107121847348075,0.00375,14.0,-0.047104629558070904,0.04625,17.0
141135,The Fulham Boys School,Free Schools,Hammersmith and Fulham,0,-0.2940919607814289,0.0,36.0,0.18248117343098882,0.2775,23.0,-0.3679119901188831,0.0,26.0
137754,Norbury High School for Girls,Academies,Croydon,0,-0.29508068582586394,0.0075,8.0,-0.32072865778765447,0.00375,8.0,-0.041422032610325496,0.0775,6.0
135677,Harris Academy Falconwood,Academies,Bexley,0,-0.30155753121824774,0.0,28.0,-0.37450325220943953,0.0,7.0,0.21612073596976708,0.30625,35.0
101181,Bales College,Independent schools,Westminster,0,-0.301570728519616,0.01375,9.0,,,,,,
142781,Logic Studio School,Free Schools,Hounslow,0,-0.30433203814113047,0.0025,22.0,0.034555327588843276,0.10125,14.0,,,
135507,Wren Academy Finchley,Academies,Barnet,0,-0.3046146086706498,0.0,72.0,-0.2179035577182384,0.0,51.0,-0.12686922905279832,0.0,43.0
136720,Welling School,Academies,Bexley,0,-0.305131015271667,0.01625,7.0,,,,-0.3064428247770962,0.0,16.0
137407,Bishop Ramsey Church of England School,Academies,Hillingdon,0,-0.306364780298401,0.00125,28.0,-0.025174364283157894,0.01875,31.0,0.09577610654048094,0.04,65.0
135311,Harris City Academy Crystal Palace,Academies,Croydon,0,-0.30721410157055573,0.0,57.0,-0.18136737237473327,0.0,32.0,0.12941019850316154,0.12,42.0
132838,LaSWAP Sixth Form,Colleges,Camden,0,-0.3117913189877379,0.0,86.0,-0.1605930008794067,0.0,50.0,-0.10447986029168119,0.0,88.0
139319,Preston Manor School,Academies,Brent,0,-0.3127355025368159,0.0,43.0,-0.3351347357723718,0.0,21.0,-0.2634859879671147,0.0,37.0
137995,St Mark's Catholic School,Academies,Hounslow,0,-0.31389081237598354,0.0,62.0,-0.596061854364275,0.0,13.0,-0.0862409504430455,0.01375,27.0
102860,Trinity Catholic High School,Local authority maintained schools,Redbridge,0,-0.3214222503481674,0.0,62.0,-0.35254852181601976,0.0,47.0,-0.5473253124906496,0.0,38.0
144515,The Green School for Boys,Free Schools,Hounslow,0,-0.3221580374556271,0.0,17.0,-0.5029497846361962,0.0,6.0,-0.6831664092500688,0.0,7.0
100973,Swanlea School,Local authority maintained schools,Tower Hamlets,0,-0.32432719829103795,0.0,45.0,-0.15060304634778313,0.0,51.0,-0.0540628784009055,0.00875,36.0
139369,St George's Catholic School,Academies,Westminster,0,-0.3295880728733651,0.0,18.0,-0.021718760641729194,0.06625,12.0,-0.21162508763475277,0.0025,18.0
100642,London Nautical School,Local authority maintained schools,Lambeth,0,-0.32977160168352926,0.00375,17.0,,,,-0.36125135563429017,0.005,6.0
137994,Saint Claudine's Catholic School for Girls,Academies,Brent,0,-0.3308465011134896,0.0025,11.0,,,,0.05482181796615625,0.14875,7.0
137138,Lift Bexleyheath,Academies,Bexley,0,-0.3375450431403378,0.01125,7.0,,,,-0.4419974182621074,0.0,25.0
142627,Menorah High School for Girls,Local authority maintained schools,Barnet,0,-0.33789070344139277,0.0025,14.0,-0.3400266083421524,0.00375,7.0,-0.061226799131797474,0.035,15.0
139703,Harris Academy Chobham,Academies,Newham,0,-0.3411271765217572,0.0,33.0,-0.0444205005020094,0.00125,45.0,-0.07151671071618262,0.0025,48.0
136334,Beths Grammar School,Academies,Bexley,0,-0.3440778361687666,0.0,200.0,-0.21938886085502649,0.0,131.0,-0.06940881955582143,0.0,92.0
102673,Ricards Lodge High School,Local authority maintained schools,Merton,0,-0.3470586742764031,0.0,28.0,,,,0.23322506548773028,0.37125,27.0
149347,Coloma Convent Girls' School,Academies,Croydon,0,-0.34930345528729473,0.0,24.0,0.09558376136518772,0.15375,11.0,0.3322933871570443,0.6025,35.0
137157,The London Oratory School,Academies,Hammersmith and Fulham,0,-0.34946917420764106,0.0,94.0,-0.057321693849754475,0.0,75.0,,,
136329,Guru Nanak Sikh Academy,Academies,Hillingdon,0,-0.3497871819543643,0.0,43.0,-1.0298913405718728,0.0,26.0,-0.7585656981341028,0.0,39.0
133561,Jo Richardson Community School,Local authority maintained schools,Barking and Dagenham,1,-0.3501104229939206,0.0,27.0,0.306810074520135,0.55125,23.0,0.44881580939725785,0.89625,49.0
150937,St Michael's Catholic College,Academies,Southwark,0,-0.35071308585474514,0.0,28.0,-0.3701399655141806,0.0,20.0,0.12465042232231337,0.1525,23.0
139599,Heron Hall Academy,Free Schools,Enfield,0,-0.3513970500522333,0.00125,17.0,,,,,,
139989,The Green School for Girls,Academies,Hounslow,0,-0.3623048324943504,0.0,16.0,-0.30565312976758285,0.00125,6.0,-0.3573649177927083,0.0,21.0
138326,The Frances Bardsley Academy for Girls,Academies,Havering,0,-0.3633803505743463,0.00125,22.0,,,,0.2919275734783425,0.50625,51.0
145140,Harris Garrard Academy,Academies,Bexley,0,-0.364073916106744,0.0,17.0,-0.13261167612192956,0.01,15.0,-0.21082217627051356,0.00125,29.0
137093,Dunraven School,Academies,Lambeth,0,-0.36469061076595344,0.0,47.0,-0.1013617462587088,0.00875,28.0,0.1535358214717204,0.205,25.0
133545,William Morris Sixth Form,Local authority maintained schools,Hammersmith and Fulham,0,-0.3647019450862712,0.0,26.0,-0.7731604677194625,0.0,15.0,-0.45578048276327876,0.0,32.0
136522,Cranford Community College,Academies,Hounslow,0,-0.36690097184133136,0.0,82.0,-0.0026060409279711587,0.01625,42.0,-0.3145642808823759,0.0,46.0
100745,Forest Hill School,Local authority maintained schools,Lewisham,0,-0.36956939957689827,0.0,26.0,-0.23630791636213846,0.00375,18.0,-0.4912045227952829,0.0,14.0
138686,Cleeve Park School,Academies,Bexley,0,-0.3709625515044901,0.00375,7.0,-0.5941093005691049,0.0,8.0,-0.6938254444533097,0.0,23.0
140962,Goresbrook School,Free Schools,Barking and Dagenham,1,-0.37336974194485584,0.005,13.0,-0.09409792011270099,0.02,14.0,0.4884547950354032,0.87,21.0
137769,Townley Grammar School,Academies,Bexley,0,-0.37365066364303473,0.0,121.0,0.0056194862596194725,0.0025,73.0,-0.21097962502448367,0.0,74.0
140884,Marylebone Academy,Free Schools,Westminster,0,-0.38149154445009015,0.0,27.0,0.20502607979658405,0.33,22.0,-0.22535822762355232,0.00125,19.0
102849,Caterham High School,Local authority maintained schools,Redbridge,0,-0.38168812149500014,0.0,25.0,-0.6390568553290259,0.0,13.0,-0.1663327533519058,0.0075,19.0
144700,Mulberry Stepney Green Mathematics and Computing College,Academies,Tower Hamlets,0,-0.3830419473584027,0.0,65.0,-0.1494218749323806,0.00125,36.0,-0.3687770591327275,0.0,28.0
139725,William Perkin Church of England High School,Free Schools,Ealing,0,-0.3913902003915411,0.0,108.0,-0.4683899417350494,0.0,43.0,-0.04891556305312118,0.005,43.0
100539,Collingham,Independent schools,Kensington and Chelsea,0,-0.39273955100508673,0.0025,10.0,-0.23145828408101787,0.0075,11.0,,,
137379,Harris Girls Academy Bromley,Academies,Bromley,0,-0.3953318589854661,0.0025,10.0,,,,-0.28136184027377664,0.0,34.0
100056,William Ellis School,Local authority maintained schools,Camden,0,-0.39728296374409355,0.0,24.0,-0.1426696495959988,0.0025,18.0,-0.38598927376009934,0.00125,15.0
141931,The Cardinal Vaughan Memorial RC School,Academies,Kensington and Chelsea,0,-0.39783225047386184,0.0,105.0,-0.07354202990843872,0.0,44.0,-0.05906411743219715,0.02375,21.0
132711,Harris Girls' Academy East Dulwich,Academies,Southwark,0,-0.40833066779037763,0.005,6.0,,,,-0.02214832951025527,0.03375,17.0
131897,Harris Academy Merton,Academies,Merton,0,-0.41124358140154016,0.0,32.0,-0.3455301558572684,0.0,20.0,-0.20125047722187106,0.0025,27.0
142908,Greatfields School,Free Schools,Barking and Dagenham,0,-0.4121164773715343,0.0,28.0,-0.15017785784439636,0.01125,8.0,0.1980009583360896,0.31125,20.0
100849,St Saviour's and St Olave's Church of England School,Local authority maintained schools,Southwark,0,-0.41333577364477814,0.005,6.0,,,,-0.2596991929534223,0.01,7.0
136545,Charles Darwin School,Academies,Bromley,0,-0.4179148685050666,0.0,14.0,,,,-0.36632652716478115,0.0,20.0
135249,Harris Academy South Norwood,Academies,Croydon,0,-0.4189106021361893,0.0,24.0,-0.5569146117629468,0.0,18.0,-0.4613105267077114,0.0,37.0
100637,La Retraite Roman Catholic Girls' School,Local authority maintained schools,Lambeth,0,-0.4195021071732639,0.0,32.0,-0.403852254747208,0.0,18.0,0.1505261648185086,0.20375,25.0
101943,Islip Manor High School,Local authority maintained schools,Ealing,0,-0.41971171205935504,0.0025,8.0,,,,-0.38164061015717005,0.00625,6.0
135070,Haberdashers' Knights Academy,Academies,Lewisham,0,-0.42183992550062954,0.0025,7.0,,,,-0.6427844318555646,0.0,9.0
130418,New City College,Colleges,Tower Hamlets,0,-0.42509228216043693,0.0,173.0,-0.8986061598675092,0.0,139.0,-0.3565193539018845,0.0,202.0
143129,Phoenix Academy,Academies,Hammersmith and Fulham,0,-0.4278344439043785,0.0,12.0,-0.12437728762509054,0.02625,10.0,0.0494766964911161,0.17,6.0
145921,Saracens High School,Free Schools,Barnet,0,-0.4299720949249178,0.0,28.0,0.09749519975544504,0.14625,20.0,,,
135587,City of London Academy Islington,Academies,Islington,0,-0.4325832257984622,0.00125,6.0,-0.02284091478206247,0.07125,12.0,-0.05373790405287237,0.05375,9.0
137353,The St Marylebone CofE School,Academies,Westminster,0,-0.4361876618583754,0.0,53.0,-0.2732602681481209,0.0,36.0,0.014994155523031854,0.02625,38.0
137006,Langley Park School for Girls,Academies,Bromley,0,-0.4370393290897664,0.0,51.0,-0.32593436818035376,0.0,20.0,0.13425591058637623,0.1125,50.0
100171,Saint Mary Magdalene Church of England All Through School,Local authority maintained schools,Greenwich,0,-0.4374560634020528,0.0,18.0,-0.7657592687553231,0.0,25.0,-0.4556826412939091,0.0,35.0
130422,St Francis Xavier Sixth Form College,Colleges,Wandsworth,0,-0.4377275788500029,0.0,27.0,-0.3234806257431845,0.0,33.0,-0.7592141205505836,0.0,74.0
102674,Raynes Park High School,Local authority maintained schools,Merton,0,-0.439932822960674,0.00125,10.0,,,,0.04855057070512036,0.0925,17.0
138051,The Henrietta Barnett School,Academies,Barnet,0,-0.44491099138698204,0.0,126.0,-0.37091334714931007,0.0,50.0,,,
100648,Streatham & Clapham High School GDST,Independent schools,Lambeth,0,-0.4508899057410673,0.0,16.0,-0.11926452524163196,0.01375,15.0,-0.2539632439598846,0.0,22.0
101244,Eastbury Community School,Local authority maintained schools,Barking and Dagenham,0,-0.452958900107536,0.0,37.0,-0.40940169178538066,0.0,34.0,-0.1817924192078401,0.00125,45.0
140952,Harris Invictus Academy Croydon,Free Schools,Croydon,0,-0.45350014893204343,0.0,10.0,-0.5707702335408442,0.0,17.0,-0.33638887296197645,0.00125,18.0
136756,Overton Grange School,Academies,Sutton,0,-0.4545037755969941,0.0,11.0,-0.3046966134240134,0.00375,10.0,-0.06459431810680823,0.02375,16.0
137442,Clapton Girls' Academy,Academies,Hackney,0,-0.4575845086382917,0.0,23.0,-0.25063324113447516,0.0,18.0,0.2063017964900707,0.28125,31.0
137199,Canons High School,Academies,Harrow,0,-0.4595203723049196,0.0,12.0,-0.17467277746218762,0.00125,24.0,0.20382681703656516,0.28125,36.0
141309,Leigh Stationers' Academy,Academies,Greenwich,0,-0.4677150510725842,0.0,26.0,-0.3234183804635143,0.00125,21.0,-0.3265589142397441,0.0,43.0
136090,Drapers' Academy,Academies,Havering,0,-0.47499125430831085,0.0,16.0,-0.3720804695959312,0.0,9.0,-0.04835567279095722,0.01125,35.0
139276,Lift Kingsley,Academies,Hounslow,0,-0.48378299228692556,0.0,18.0,-0.46904996528667925,0.00125,6.0,-0.107893759377734,0.0525,7.0
136797,Carshalton High School for Girls,Academies,Sutton,0,-0.49326272680348393,0.0,16.0,,,,-0.10508419788090449,0.00125,33.0
137131,Queen Elizabeth's Girls' School,Academies,Barnet,0,-0.5029249740297612,0.0,23.0,-0.40807698231221023,0.0,11.0,0.0233201815205152,0.0625,18.0
137233,Sacred Heart of Mary Girls' School,Academies,Havering,0,-0.5491323838488913,0.0,17.0,-0.3916795382300818,0.0,27.0,-0.24948867597201674,0.0,44.0
133386,Greig City Academy,Academies,Haringey,0,-0.550196520213347,0.0,27.0,-0.46270719525181575,0.0,20.0,0.03785704300343683,0.12625,9.0
138196,Oasis School 21,Free Schools,Newham,0,-0.5555223261460577,0.0,71.0,-0.6820755079628295,0.0,52.0,-0.7240257101061899,0.0,50.0
102052,Bishop Stopford's School,Local authority maintained schools,Enfield,0,-0.5903595303083589,0.0,6.0,-0.6292607150364566,0.0,6.0,,,
100059,La Sainte Union Catholic Secondary School,Local authority maintained schools,Camden,0,-0.6013375084352218,0.0,15.0,-0.25013672337611914,0.01125,6.0,-0.10222806858104842,0.02625,16.0
130458,Sir George Monoux College,Colleges,Waltham Forest,0,-0.6014026469118925,0.0,57.0,-0.24917099024632378,0.0,50.0,0.04172694879090599,0.03,57.0
139842,Burntwood School,Academies,Wandsworth,0,-0.6166686779233256,0.0,70.0,-0.49481271652198006,0.0,41.0,-0.2242869636663874,0.0,40.0
134815,The Elms Academy,Academies,Lambeth,0,-0.6317324426860425,0.0,27.0,-0.45507788199386157,0.0,14.0,0.13382895018638868,0.185,21.0
137060,Tolworth Girls' School and Sixth Form,Academies,Kingston upon Thames,0,-0.6325188943976806,0.0,29.0,,,,-0.2532692260593282,0.0,41.0
130425,Barnet and Southgate College,Colleges,Barnet,0,-0.6482006128646381,0.0,34.0,-0.3906489253237095,0.0,40.0,-0.6004434482969717,0.0,57.0
138202,Wapping High School,Free Schools,Tower Hamlets,0,-0.6566310418682533,0.0,13.0,,,,,,
138966,Shooters Hill Sixth Form College,Academies,Greenwich,0,-0.6627210733406298,0.0,16.0,-0.8062096189457244,0.0,14.0,-0.6749462652807481,0.0,17.0
134798,London Academy,Academies,Barnet,0,-0.6640064484183725,0.0,59.0,-0.47880135247501426,0.0,44.0,-0.14787673017599454,0.00125,27.0
137789,Mulberry Academy Shoreditch,Academies,Tower Hamlets,0,-0.6754287904239746,0.0,38.0,-0.7128583561193566,0.0,24.0,-0.1630550897327852,0.0,42.0
130432,Croydon College,Colleges,Croydon,0,-0.7108519802506024,0.0,27.0,,,,-0.7081617885607246,0.0,18.0
100544,David Game College,Independent schools,City of London,0,-0.725909794779474,0.0,33.0,-0.2839887080765628,0.00125,13.0,-0.3070736658917832,0.00125,7.0
138221,St Joseph's College,Academies,Croydon,0,-0.7453097025274136,0.0,26.0,-0.7417111349585588,0.0,12.0,,,
100975,Central Foundation Girls' School,Local authority maintained schools,Tower Hamlets,0,-0.7630288885644478,0.0,36.0,-0.4880582214952489,0.0,30.0,0.1537101162273556,0.145,48.0
131747,Harris Academy Bermondsey,Academies,Southwark,0,-0.7936120781941889,0.0,9.0,,,,-0.4982214386835912,0.0,21.0
133444,Ealing Independent College,Independent schools,Ealing,0,-0.7961910443112346,0.0,39.0,-0.7524153824206032,0.0,16.0,-0.6077429665401329,0.0,13.0
139363,Haringey Sixth Form College,Academies,Haringey,0,-0.8028013755220647,0.0,19.0,,,,-0.3385702461751384,0.0,15.0
145944,St Edward's Church of England Academy,Academies,Havering,0,-0.8265631863954994,0.0,15.0,-0.7539319431161476,0.0,20.0,-0.6188343364186566,0.0,16.0
100966,Langdon Park Community School,Local authority maintained schools,Tower Hamlets,0,-0.8470156024010461,0.0,37.0,-0.37816241337938805,0.0,18.0,-0.2347653449575203,0.0,27.0
137418,The Ursuline Academy Ilford,Academies,Redbridge,0,-0.8739773629971601,0.0,11.0,-0.5503874851473829,0.00125,6.0,-0.5417176001155198,0.0,14.0
144756,Mulberry UTC,Free Schools,Tower Hamlets,0,-0.922977603201108,0.0,18.0,,,,-0.21854610545539124,0.0,35.0
136467,Chislehurst School for Girls,Academies,Bromley,0,-0.9304498207668022,0.0,22.0,-0.7914687695632173,0.0,24.0,-0.49808010119088914,0.0,30.0
130421,Capital City College,Colleges,Camden,0,-0.9573348558747008,0.0,138.0,-0.5348181706227443,0.0,128.0,-0.2816253984336091,0.0,200.0
144739,Bobby Moore Academy,Free Schools,Newham,0,-0.9964211478412384,0.0,36.0,-0.7975733389314642,0.0,36.0,-0.5992812381635869,0.0,20.0
134369,Alec Reed Academy,Academies,Ealing,0,-1.0311519566942198,0.0,26.0,-0.5870810448356372,0.0,13.0,-0.2282515100671,0.00375,13.0
101683,Bishop Challoner School,Independent schools,Bromley,0,-1.0503203688003415,0.0,12.0,,,,-0.5601467914414971,0.0,6.0
101849,BRIT School for Performing Arts and Technology,Independent schools,Croydon,0,-1.0546481396073932,0.0,16.0,,,,,,
100967,Morpeth School,Local authority maintained schools,Tower Hamlets,0,-1.2302838791782784,0.0,41.0,-0.5551747005610375,0.0,43.0,-0.3116475512423238,0.0,21.0
135090,Oak Heights Independent School,Independent schools,Hounslow,0,-1.3056386281286,0.0,43.0,-0.7917535158394432,0.0,11.0,-1.001580622947255,0.0,10.0
130423,United Colleges Group,Colleges,Westminster,0,-1.5168678697469653,0.0,19.0,,,,-1.0306695732122875,0.0,29.0
139095,Brentford School for Girls,Academies,Hounslow,0,-1.52792321860046,0.0,15.0,,,,-0.49666140492251754,0.00125,12.0
100511,Queen's Gate School,Independent schools,Kensington and Chelsea,2,,,,0.6837806671346962,0.97,8.0,0.5145619271389154,0.86125,13.0
144795,London Park School Mayfair and London Park School Sixth,Independent schools,Westminster,0,,,,0.4137420411076693,0.705,7.0,,,
100455,Highbury Fields School,Local authority maintained schools,Islington,0,,,,0.32319508981658646,0.58125,7.0,,,
100459,St Aloysius RC College,Local authority maintained schools,Islington,0,,,,0.18591396869216645,0.3625,8.0,,,
144084,The Lea Valley Academy,Academies,Enfield,0,,,,-0.15681411200945616,0.035,6.0,-0.028313774466291197,0.08125,9.0
137772,Shirley High School Performing Arts College,Academies,Croydon,0,,,,,,,0.11850733337271993,0.18,16.0
145121,Park Academy West London,Academies,Hillingdon,0,,,,,,,0.11372988762217352,0.24625,7.0
145609,Lubavitch House School (Senior Girls),Academies,Hackney,0,,,,,,,0.07454175208534579,0.20875,8.0
144465,Orion Eden Park,Free Schools,Bromley,0,,,,,,,0.037512313335749385,0.08375,18.0
100282,All Saints Catholic High School,Local authority maintained schools,Hackney,0,,,,,,,0.035837903894393605,0.10375,16.0
137361,Clarion,Academies,Barnet,0,,,,,,,0.010949462019831047,0.1175,7.0
102048,Enfield County School for Girls,Local authority maintained schools,Enfield,0,,,,,,,-0.08404661753198833,0.04625,10.0
102053,St Anne's Catholic High School for Girls,Local authority maintained schools,Enfield,0,,,,,,,-0.14108227616380004,0.02875,11.0
143427,Harris Academy Orpington,Academies,Bromley,0,,,,,,,-0.20126943603242137,0.03,8.0
134311,Oasis Academy Enfield,Academies,Enfield,0,,,,,,,-0.2029208944041472,0.015,9.0
145708,Lammas School,Academies,Waltham Forest,0,,,,,,,-0.23017172571677022,0.0325,6.0
149898,Leigh Academy Bexley,Academies,Bexley,0,,,,,,,-0.40962411085552863,0.0,7.0
102936,St Catherine's School,Independent schools,Richmond upon Thames,0,,,,,,,-0.4332900160986328,0.0025,8.0
136450,Platanos College,Academies,Lambeth,0,,,,,,,-1.2238647698540839,0.0,15.0
